observation_race_time_s,speed_kmh,action_index,steering_command,throttle_command,brake_mode
0.01,0.8086932599544525,9,-0.8333333134651184,1.0,off
0.06,0.031129275262355805,9,-0.8333333134651184,1.0,off
0.11,2.1135461568832397,39,0.0,1.0,off
0.16,4.815259552001954,57,0.5,1.0,off
0.21,7.651178455352784,39,0.0,1.0,off
0.26,10.418808746337891,57,0.5,1.0,off
0.31,13.220864009857179,57,0.5,1.0,off
0.36,15.943263244628907,57,0.5,1.0,off
0.41,18.672708320617676,57,0.5,1.0,off
0.46,21.414233207702637,57,0.5,1.0,off
0.51,24.171556091308595,57,0.5,1.0,off
0.56,26.945276069641114,57,0.5,1.0,off
0.61,29.73112564086914,57,0.5,1.0,off
0.66,32.52103843688965,57,0.5,1.0,off
0.71,35.30783386230469,57,0.5,1.0,off
0.76,38.088518142700195,57,0.5,1.0,off
0.81,40.86459159851074,39,0.0,1.0,off
0.86,43.67373733520508,57,0.5,1.0,off
0.91,46.49392433166504,57,0.5,1.0,off
0.96,49.28383026123047,39,0.0,1.0,off
1.01,52.102104949951176,39,0.0,1.0,off
1.06,54.96005401611328,57,0.5,1.0,off
1.11,57.80486068725586,27,-0.3333333432674408,1.0,off
1.16,60.639120483398436,27,-0.3333333432674408,1.0,off
1.21,63.47914123535156,57,0.5,1.0,off
1.26,66.31330490112305,9,-0.8333333134651184,1.0,off
1.31,69.13104400634766,27,-0.3333333432674408,1.0,off
1.36,71.96011962890626,27,-0.3333333432674408,1.0,off
1.41,74.79251861572266,27,-0.3333333432674408,1.0,off
1.46,77.62630462646484,27,-0.3333333432674408,1.0,off
1.51,80.46103820800782,27,-0.3333333432674408,1.0,off
1.56,83.29574432373047,27,-0.3333333432674408,1.0,off
1.61,86.12959899902344,27,-0.3333333432674408,1.0,off
1.66,88.9635498046875,27,-0.3333333432674408,1.0,off
1.71,91.7992446899414,27,-0.3333333432674408,1.0,off
1.76,94.63721237182618,27,-0.3333333432674408,1.0,off
1.81,97.47715759277344,27,-0.3333333432674408,1.0,off
1.86,100.3182975769043,27,-0.3333333432674408,1.0,off
1.91,101.82774353027344,57,0.5,1.0,off
1.96,101.79610290527344,57,0.5,1.0,off
2.01,101.75092163085938,57,0.5,1.0,off
2.06,101.71416549682617,27,-0.3333333432674408,1.0,off
2.11,101.69357299804688,57,0.5,1.0,off
2.16,101.68323211669922,27,-0.3333333432674408,1.0,off
2.21,103.25286254882813,27,-0.3333333432674408,1.0,off
2.26,105.2289665222168,33,-0.1666666716337204,1.0,off
2.31,107.20022277832031,33,-0.1666666716337204,1.0,off
2.36,109.16629486083984,33,-0.1666666716337204,1.0,off
2.41,111.12026824951172,33,-0.1666666716337204,1.0,off
2.46,113.06591262817383,27,-0.3333333432674408,1.0,off
2.51,115.00873489379883,57,0.5,1.0,off
2.56,116.95733184814453,33,-0.1666666716337204,1.0,off
2.61,118.90401306152344,57,0.5,1.0,off
2.66,120.8722412109375,45,0.1666666716337204,1.0,off
2.71,122.8292221069336,33,-0.1666666716337204,1.0,off
2.76,124.80195465087891,27,-0.3333333432674408,1.0,off
2.81,126.76815032958984,27,-0.3333333432674408,1.0,off
2.86,128.72708129882812,33,-0.1666666716337204,1.0,off
2.91,130.6845703125,45,0.1666666716337204,1.0,off
2.96,132.6429656982422,21,-0.5,1.0,off
3.01,134.59669189453126,27,-0.3333333432674408,1.0,off
3.06,136.53792114257814,9,-0.8333333134651184,1.0,off
3.11,135.72073059082032,9,-0.8333333134651184,1.0,off
3.16,132.77779541015624,9,-0.8333333134651184,1.0,off
3.21,130.36729888916017,21,-0.5,1.0,off
3.26,127.93021545410157,9,-0.8333333134651184,1.0,off
3.31,125.4960433959961,9,-0.8333333134651184,1.0,off
3.36,123.01552276611328,9,-0.8333333134651184,1.0,off
3.41,120.52125549316406,9,-0.8333333134651184,1.0,off
3.46,118.01661987304688,3,-1.0,1.0,off
3.51,115.48260955810547,3,-1.0,1.0,off
3.56,112.914404296875,3,-1.0,1.0,off
3.61,110.33538436889648,3,-1.0,1.0,off
3.66,107.74449920654297,3,-1.0,1.0,off
3.71,105.1399154663086,3,-1.0,1.0,off
3.76,104.25678634643555,9,-0.8333333134651184,1.0,off
3.81,105.98624038696289,3,-1.0,1.0,off
3.86,107.69813690185548,9,-0.8333333134651184,1.0,off
3.91,109.4138168334961,3,-1.0,1.0,off
3.96,111.11134185791016,3,-1.0,1.0,off
4.01,112.78821258544922,3,-1.0,1.0,off
4.06,114.4580177307129,3,-1.0,1.0,off
4.11,116.12519989013673,3,-1.0,1.0,off
4.16,117.79216918945313,3,-1.0,1.0,off
4.21,119.45758666992188,3,-1.0,1.0,off
4.26,121.12190551757813,3,-1.0,1.0,off
4.31,122.78663635253906,3,-1.0,1.0,off
4.36,124.45235595703126,3,-1.0,1.0,off
4.41,126.1191879272461,3,-1.0,1.0,off
4.46,127.78731079101563,9,-0.8333333134651184,1.0,off
4.51,129.48171844482422,9,-0.8333333134651184,1.0,off
4.56,131.20738220214844,9,-0.8333333134651184,1.0,off
4.61,132.94622955322265,15,-0.6666666865348816,1.0,off
4.66,134.71607208251953,21,-0.5,1.0,off
4.71,136.53255157470704,33,-0.1666666716337204,1.0,off
4.76,138.3979476928711,33,-0.1666666716337204,1.0,off
4.81,140.30316925048828,33,-0.1666666716337204,1.0,off
4.86,142.23080291748047,45,0.1666666716337204,1.0,off
4.91,144.17510833740235,45,0.1666666716337204,1.0,off
4.96,146.1272689819336,45,0.1666666716337204,1.0,off
5.01,148.08414001464845,45,0.1666666716337204,1.0,off
5.06,150.0417663574219,45,0.1666666716337204,1.0,off
5.11,151.99859619140625,51,0.3333333432674408,1.0,off
5.16,153.95083923339845,51,0.3333333432674408,1.0,off
5.21,155.90109100341797,45,0.1666666716337204,1.0,off
5.26,157.85625915527345,45,0.1666666716337204,1.0,off
5.31,159.81848602294923,45,0.1666666716337204,1.0,off
5.36,161.78426971435547,45,0.1666666716337204,1.0,off
5.41,162.16787109375,63,0.6666666865348816,1.0,off
5.46,162.1429870605469,63,0.6666666865348816,1.0,off
5.51,162.0955810546875,63,0.6666666865348816,1.0,off
5.56,162.24252319335938,69,0.8333333134651184,1.0,off
5.61,164.1492141723633,69,0.8333333134651184,1.0,off
5.66,166.02449798583984,69,0.8333333134651184,1.0,off
5.71,167.87948455810547,63,0.6666666865348816,1.0,off
5.76,169.73081817626954,51,0.3333333432674408,1.0,off
5.81,171.60504455566408,45,0.1666666716337204,1.0,off
5.86,173.51779174804688,39,0.0,1.0,off
5.91,175.4518798828125,33,-0.1666666716337204,1.0,off
5.96,177.40250244140626,33,-0.1666666716337204,1.0,off
6.01,179.3595932006836,33,-0.1666666716337204,1.0,off
6.06,181.31783752441407,33,-0.1666666716337204,1.0,off
6.11,183.27952880859377,33,-0.1666666716337204,1.0,off
6.16,185.24510650634767,33,-0.1666666716337204,1.0,off
6.21,187.21053314208984,21,-0.5,1.0,off
6.26,189.1652069091797,27,-0.3333333432674408,1.0,off
6.31,191.11290435791017,21,-0.5,1.0,off
6.36,193.05921478271486,21,-0.5,1.0,off
6.41,194.99699707031252,21,-0.5,1.0,off
6.46,196.93204650878906,15,-0.6666666865348816,1.0,off
6.51,198.85865020751953,15,-0.6666666865348816,1.0,off
6.56,200.77474822998047,15,-0.6666666865348816,1.0,off
6.61,202.10689544677734,15,-0.6666666865348816,1.0,off
6.66,203.28641510009766,9,-0.8333333134651184,1.0,off
6.71,204.44672241210938,9,-0.8333333134651184,1.0,off
6.76,205.5859359741211,9,-0.8333333134651184,1.0,off
6.81,206.71582489013673,9,-0.8333333134651184,1.0,off
6.86,207.83765258789063,9,-0.8333333134651184,1.0,off
6.91,208.9534652709961,9,-0.8333333134651184,1.0,off
6.96,210.06502075195314,9,-0.8333333134651184,1.0,off
7.01,211.1735824584961,15,-0.6666666865348816,1.0,off
7.06,212.2933364868164,15,-0.6666666865348816,1.0,off
7.11,213.42669982910158,21,-0.5,1.0,off
7.16,214.57766876220703,21,-0.5,1.0,off
7.21,215.74404602050782,27,-0.3333333432674408,1.0,off
7.26,216.92860565185546,33,-0.1666666716337204,1.0,off
7.31,218.1338333129883,39,0.0,1.0,off
7.36,219.35407104492188,33,-0.1666666716337204,1.0,off
7.41,220.5830291748047,39,0.0,1.0,off
7.46,221.81871643066407,39,0.0,1.0,off
7.51,223.05706787109375,39,0.0,1.0,off
7.56,224.29702606201172,45,0.1666666716337204,1.0,off
7.61,225.53812408447266,51,0.3333333432674408,1.0,off
7.66,226.7788101196289,63,0.6666666865348816,1.0,off
7.71,228.01441497802736,63,0.6666666865348816,1.0,off
7.76,229.23286743164064,63,0.6666666865348816,1.0,off
7.81,230.44647216796875,63,0.6666666865348816,1.0,off
7.86,231.65115051269532,63,0.6666666865348816,1.0,off
7.91,232.8486328125,63,0.6666666865348816,1.0,off
7.96,234.0380401611328,63,0.6666666865348816,1.0,off
8.01,235.13593139648438,63,0.6666666865348816,1.0,off
8.06,235.05199584960937,63,0.6666666865348816,1.0,off
8.11,234.96509399414063,63,0.6666666865348816,1.0,off
8.16,234.87679138183594,69,0.8333333134651184,1.0,off
8.21,234.77667846679688,69,0.8333333134651184,1.0,off
8.26,235.33275146484377,69,0.8333333134651184,1.0,off
8.31,236.4682159423828,69,0.8333333134651184,1.0,off
8.36,237.59483642578127,69,0.8333333134651184,1.0,off
8.41,238.71434326171877,69,0.8333333134651184,1.0,off
8.46,239.82827453613282,69,0.8333333134651184,1.0,off
8.51,240.93794860839844,69,0.8333333134651184,1.0,off
8.56,242.04462890625,69,0.8333333134651184,1.0,off
8.61,243.14990844726563,69,0.8333333134651184,1.0,off
8.66,244.2542266845703,69,0.8333333134651184,1.0,off
8.71,245.35796813964845,69,0.8333333134651184,1.0,off
8.76,246.46135253906252,75,1.0,1.0,off
8.81,247.55078430175783,75,1.0,1.0,off
8.86,248.62137451171876,75,1.0,1.0,off
8.91,249.68259887695314,75,1.0,1.0,off
8.96,250.73572082519533,75,1.0,1.0,off
9.01,251.7831024169922,75,1.0,1.0,off
9.06,252.8263916015625,75,1.0,1.0,off
9.11,253.86690673828124,75,1.0,1.0,off
9.16,254.90549926757814,75,1.0,1.0,off
9.21,255.94271850585938,75,1.0,1.0,off
9.26,256.9791687011719,75,1.0,1.0,off
9.31,258.0150421142578,75,1.0,1.0,off
9.36,259.0507507324219,75,1.0,1.0,off
9.41,260.0865142822266,75,1.0,1.0,off
9.46,261.1224700927734,75,1.0,1.0,off
9.51,262.1587829589844,75,1.0,1.0,off
9.56,263.1953979492188,75,1.0,1.0,off
9.61,264.23239746093753,75,1.0,1.0,off
9.66,265.2698089599609,75,1.0,1.0,off
9.71,266.30760498046874,75,1.0,1.0,off
9.76,267.345785522461,72,1.0,0.0,off
9.81,266.20496520996096,75,1.0,1.0,off
9.86,263.9976745605469,75,1.0,1.0,off
9.91,265.0440399169922,75,1.0,1.0,off
9.96,266.09026794433595,75,1.0,1.0,off
10.01,267.13498535156253,75,1.0,1.0,off
10.06,268.1782196044922,75,1.0,1.0,off
10.11,269.22008056640624,72,1.0,0.0,off
10.16,266.97821044921875,75,1.0,1.0,off
10.21,264.76660766601566,75,1.0,1.0,off
10.26,265.81569213867186,75,1.0,1.0,off
10.31,266.8642822265625,72,1.0,0.0,off
10.36,265.7345855712891,75,1.0,1.0,off
10.41,263.53795166015624,75,1.0,1.0,off
10.46,264.5893981933594,75,1.0,1.0,off
10.51,265.6397186279297,75,1.0,1.0,off
10.56,266.6877868652344,75,1.0,1.0,off
10.61,267.73374023437503,75,1.0,1.0,off
10.66,268.7779907226563,75,1.0,1.0,off
10.71,269.8208404541016,72,1.0,0.0,off
10.76,268.6684020996094,75,1.0,1.0,off
10.81,266.44133605957035,75,1.0,1.0,off
10.86,267.4895965576172,75,1.0,1.0,off
10.91,268.5374450683594,72,1.0,0.0,off
10.96,267.3976135253906,72,1.0,0.0,off
11.01,263.0265380859375,75,1.0,1.0,off
11.06,260.8620941162109,75,1.0,1.0,off
11.11,261.92274169921876,75,1.0,1.0,off
11.16,262.982015991211,75,1.0,1.0,off
11.21,264.0385437011719,75,1.0,1.0,off
11.26,265.09246215820315,75,1.0,1.0,off
11.31,266.1442108154297,75,1.0,1.0,off
11.36,267.1941192626953,75,1.0,1.0,off
11.41,268.2425170898438,75,1.0,1.0,off
11.46,269.2897888183594,75,1.0,1.0,off
11.51,270.33623657226565,75,1.0,1.0,off
11.56,271.38197021484376,75,1.0,1.0,off
11.61,272.4272369384766,75,1.0,1.0,off
11.66,273.4722015380859,75,1.0,1.0,off
11.71,274.51697387695316,69,0.8333333134651184,1.0,off
11.76,275.5753143310547,75,1.0,1.0,off
11.81,276.6382690429688,75,1.0,1.0,off
11.86,277.6937530517578,69,0.8333333134651184,1.0,off
11.91,278.76099243164066,63,0.6666666865348816,1.0,off
11.96,279.85545043945314,63,0.6666666865348816,1.0,off
12.01,280.9728973388672,27,-0.3333333432674408,1.0,off
12.06,282.11932067871095,27,-0.3333333432674408,1.0,off
12.11,283.3179565429688,21,-0.5,1.0,off
12.16,284.5362030029297,27,-0.3333333432674408,1.0,off
12.21,285.76848449707035,21,-0.5,1.0,off
12.26,287.00779724121094,9,-0.8333333134651184,1.0,off
12.31,288.23291015625,9,-0.8333333134651184,1.0,off
12.36,289.4371765136719,3,-1.0,1.0,off
12.41,290.61985473632814,3,-1.0,1.0,off
12.46,291.77031555175785,3,-1.0,1.0,off
12.51,292.89817199707034,3,-1.0,1.0,off
12.56,294.0063079833985,3,-1.0,1.0,off
12.63,295.53277587890625,3,-1.0,1.0,off
12.68,296.6105621337891,3,-1.0,1.0,off
12.73,297.6816741943359,3,-1.0,1.0,off
12.78,298.7480895996094,3,-1.0,1.0,off
12.83,299.8113739013672,3,-1.0,1.0,off
12.88,300.8725982666016,3,-1.0,1.0,off
12.93,301.9323944091797,3,-1.0,1.0,off
12.98,302.99098205566406,3,-1.0,1.0,off
13.03,304.0487731933594,3,-1.0,1.0,off
13.08,305.10615234375,57,0.5,1.0,off
13.13,306.1816040039063,75,1.0,1.0,off
13.18,307.34401245117186,75,1.0,1.0,off
13.23,308.51954956054686,75,1.0,1.0,off
13.28,309.70928649902345,69,0.8333333134651184,1.0,off
13.33,310.9062744140625,69,0.8333333134651184,1.0,off
13.38,312.1001312255859,75,1.0,1.0,off
13.43,313.27333374023436,75,1.0,1.0,off
13.48,314.4161865234375,75,1.0,1.0,off
13.53,315.53794555664064,75,1.0,1.0,off
13.58,316.64190673828125,75,1.0,1.0,off
13.63,317.7320251464844,75,1.0,1.0,off
13.68,318.81162414550784,75,1.0,1.0,off
13.73,319.8835876464844,75,1.0,1.0,off
13.78,320.9504699707031,75,1.0,1.0,off
13.83,322.0090026855469,75,1.0,1.0,off
13.88,323.0652282714844,63,0.6666666865348816,1.0,off
13.93,324.1368072509766,75,1.0,1.0,off
13.98,325.2265960693359,63,0.6666666865348816,1.0,off
14.03,326.313720703125,75,1.0,1.0,off
14.08,327.41908264160156,63,0.6666666865348816,1.0,off
14.13,260.01897583007815,69,0.8333333134651184,1.0,off
14.18,241.33881225585938,63,0.6666666865348816,1.0,off
14.23,233.57202758789063,63,0.6666666865348816,1.0,off
14.28,225.7406021118164,63,0.6666666865348816,1.0,off
14.33,217.71271362304688,63,0.6666666865348816,1.0,off
14.38,209.5200164794922,63,0.6666666865348816,1.0,off
14.43,201.50132904052734,63,0.6666666865348816,1.0,off
14.48,196.91058197021485,63,0.6666666865348816,1.0,off
14.53,192.0185073852539,63,0.6666666865348816,1.0,off
14.58,187.23125610351562,63,0.6666666865348816,1.0,off
14.63,182.6019744873047,69,0.8333333134651184,1.0,off
14.68,178.3279769897461,75,1.0,1.0,off
14.73,174.11984252929688,69,0.8333333134651184,1.0,off
14.78,170.14732360839844,69,0.8333333134651184,1.0,off
14.83,166.0936294555664,63,0.6666666865348816,1.0,off
14.88,162.33133392333986,63,0.6666666865348816,1.0,off
14.93,158.52133026123047,57,0.5,1.0,off
14.98,154.6971405029297,63,0.6666666865348816,1.0,off
15.03,150.89547271728517,9,-0.8333333134651184,1.0,off
15.08,147.11360778808594,27,-0.3333333432674408,1.0,off
15.13,143.38681182861328,3,-1.0,1.0,off
15.18,139.48836822509767,9,-0.8333333134651184,1.0,off
15.23,135.10868225097656,3,-1.0,1.0,off
15.28,130.71998748779296,0,-1.0,0.0,off
15.33,125.44483337402345,0,-1.0,0.0,off
15.38,118.9460220336914,0,-1.0,0.0,off
15.43,113.37289123535156,3,-1.0,1.0,off
15.48,112.02872772216797,0,-1.0,0.0,off
15.53,111.42691040039062,0,-1.0,0.0,off
15.58,109.33255920410157,0,-1.0,0.0,off
15.63,107.26025619506837,0,-1.0,0.0,off
15.68,105.21456756591797,0,-1.0,0.0,off
15.73,103.19522552490234,3,-1.0,1.0,off
15.78,102.14101867675781,0,-1.0,0.0,off
15.83,101.56042556762695,3,-1.0,1.0,off
15.88,100.66793746948242,3,-1.0,1.0,off
15.93,101.24123840332031,0,-1.0,0.0,off
15.98,100.68898315429688,0,-1.0,0.0,off
16.03,98.73979568481445,3,-1.0,1.0,off
16.08,97.85661163330079,3,-1.0,1.0,off
16.13,98.54109420776368,3,-1.0,1.0,off
16.18,99.22421035766602,3,-1.0,1.0,off
16.23,99.90450439453126,3,-1.0,1.0,off
16.28,100.58154373168945,3,-1.0,1.0,off
16.33,101.19585800170898,3,-1.0,1.0,off
16.38,101.56949615478516,3,-1.0,1.0,off
16.43,101.91522216796875,3,-1.0,1.0,off
16.48,102.24391250610351,3,-1.0,1.0,off
16.53,102.57192306518554,3,-1.0,1.0,off
16.58,103.29849700927734,3,-1.0,1.0,off
16.63,104.95546188354493,3,-1.0,1.0,off
16.68,106.61060028076172,3,-1.0,1.0,off
16.73,108.26368560791016,3,-1.0,1.0,off
16.78,109.91561737060547,3,-1.0,1.0,off
16.83,111.56759719848633,3,-1.0,1.0,off
16.88,113.22099151611329,9,-0.8333333134651184,1.0,off
16.93,114.90288848876953,9,-0.8333333134651184,1.0,off
16.98,116.61844482421876,15,-0.6666666865348816,1.0,off
17.03,118.36962432861328,21,-0.5,1.0,off
17.08,120.17430725097657,21,-0.5,1.0,off
17.13,122.01440734863282,27,-0.3333333432674408,1.0,off
17.18,123.88793334960938,27,-0.3333333432674408,1.0,off
17.23,125.78777160644532,57,0.5,1.0,off
17.28,127.71226043701172,63,0.6666666865348816,1.0,off
17.33,129.63626861572266,63,0.6666666865348816,1.0,off
17.38,131.5497024536133,57,0.5,1.0,off
17.43,133.47075805664062,63,0.6666666865348816,1.0,off
17.48,135.3903991699219,57,0.5,1.0,off
17.53,137.3032424926758,57,0.5,1.0,off
17.58,139.22438049316406,57,0.5,1.0,off
17.63,141.14102783203126,57,0.5,1.0,off
17.68,143.05365142822265,57,0.5,1.0,off
17.73,144.96361083984377,27,-0.3333333432674408,1.0,off
17.78,146.88572387695314,57,0.5,1.0,off
17.83,148.8269256591797,57,0.5,1.0,off
17.88,150.7519500732422,57,0.5,1.0,off
17.93,152.67811431884766,57,0.5,1.0,off
17.98,154.59886779785157,57,0.5,1.0,off
18.03,156.51551513671876,57,0.5,1.0,off
18.08,158.42986907958985,63,0.6666666865348816,1.0,off
18.13,160.33287963867187,57,0.5,1.0,off
18.18,162.03589782714843,57,0.5,1.0,off
18.23,161.9662582397461,45,0.1666666716337204,1.0,off
18.28,161.91085968017578,51,0.3333333432674408,1.0,off
18.33,161.8710479736328,63,0.6666666865348816,1.0,off
18.38,162.41851043701172,63,0.6666666865348816,1.0,off
18.43,164.3293212890625,63,0.6666666865348816,1.0,off
18.48,166.23179626464844,63,0.6666666865348816,1.0,off
18.53,168.12362823486328,63,0.6666666865348816,1.0,off
18.58,170.0062728881836,63,0.6666666865348816,1.0,off
18.63,171.88203735351564,63,0.6666666865348816,1.0,off
18.68,173.75519256591798,63,0.6666666865348816,1.0,off
18.73,175.62880096435546,63,0.6666666865348816,1.0,off
18.78,177.50137939453126,63,0.6666666865348816,1.0,off
18.83,179.37235107421876,63,0.6666666865348816,1.0,off
18.88,181.24304809570313,57,0.5,1.0,off
18.93,183.1242919921875,57,0.5,1.0,off
18.98,185.01858215332032,57,0.5,1.0,off
19.03,186.91924438476562,63,0.6666666865348816,1.0,off
19.08,188.8148666381836,57,0.5,1.0,off
19.13,190.7119583129883,57,0.5,1.0,off
19.18,192.61859436035158,57,0.5,1.0,off
19.23,194.52830657958984,51,0.3333333432674408,1.0,off
19.28,196.44834594726564,51,0.3333333432674408,1.0,off
19.33,198.37884979248048,45,0.1666666716337204,1.0,off
19.38,200.31941986083984,45,0.1666666716337204,1.0,off
19.43,201.8358901977539,45,0.1666666716337204,1.0,off
19.48,203.06942138671874,33,-0.1666666716337204,1.0,off
19.53,204.30697631835938,33,-0.1666666716337204,1.0,off
19.58,205.54627532958986,33,-0.1666666716337204,1.0,off
19.63,206.78694763183594,33,-0.1666666716337204,1.0,off
19.68,208.0284851074219,33,-0.1666666716337204,1.0,off
19.73,209.2715606689453,33,-0.1666666716337204,1.0,off
19.78,210.5179183959961,33,-0.1666666716337204,1.0,off
19.83,211.7682861328125,21,-0.5,1.0,off
19.88,213.01717071533204,27,-0.3333333432674408,1.0,off
19.93,214.2592987060547,21,-0.5,1.0,off
19.98,215.49921569824218,27,-0.3333333432674408,1.0,off
20.03,216.73265075683594,21,-0.5,1.0,off
20.08,217.96419067382814,27,-0.3333333432674408,1.0,off
20.13,219.19356079101564,21,-0.5,1.0,off
20.18,220.41964874267578,63,0.6666666865348816,1.0,off
20.23,221.64809875488282,45,0.1666666716337204,1.0,off
20.28,222.88421173095705,39,0.0,1.0,off
20.33,224.12820739746095,45,0.1666666716337204,1.0,off
20.38,225.37423553466797,45,0.1666666716337204,1.0,off
20.43,226.61820373535156,51,0.3333333432674408,1.0,off
20.48,227.85993347167968,51,0.3333333432674408,1.0,off
20.53,229.10108642578126,63,0.6666666865348816,1.0,off
20.58,230.33873748779297,45,0.1666666716337204,1.0,off
20.63,231.5665283203125,63,0.6666666865348816,1.0,off
20.68,232.80880737304688,45,0.1666666716337204,1.0,off
20.73,234.0298828125,63,0.6666666865348816,1.0,off
20.78,235.18215637207032,3,-1.0,1.0,off
20.83,235.13788146972658,9,-0.8333333134651184,1.0,off
20.88,235.11516723632812,9,-0.8333333134651184,1.0,off
20.93,235.06421813964843,57,0.5,1.0,off
20.98,235.02381591796876,57,0.5,1.0,off
21.03,235.6911804199219,63,0.6666666865348816,1.0,off
21.08,236.93359680175783,57,0.5,1.0,off
21.13,238.16832275390627,63,0.6666666865348816,1.0,off
21.18,239.3953857421875,63,0.6666666865348816,1.0,off
21.23,240.6016845703125,63,0.6666666865348816,1.0,off
21.28,241.7956512451172,63,0.6666666865348816,1.0,off
21.33,242.9875030517578,63,0.6666666865348816,1.0,off
21.38,244.17572937011718,63,0.6666666865348816,1.0,off
21.43,245.35827026367187,63,0.6666666865348816,1.0,off
21.48,246.53564758300783,63,0.6666666865348816,1.0,off
21.53,247.70885009765627,63,0.6666666865348816,1.0,off
21.58,248.87892150878906,69,0.8333333134651184,1.0,off
21.63,250.03622131347657,69,0.8333333134651184,1.0,off
21.68,251.17739868164062,69,0.8333333134651184,1.0,off
21.73,252.31017150878907,75,1.0,1.0,off
21.78,253.42245483398438,69,0.8333333134651184,1.0,off
21.83,254.5235321044922,72,1.0,0.0,off
21.88,253.51347656250002,72,1.0,0.0,off
21.93,249.3757781982422,75,1.0,1.0,off
21.98,247.35094299316407,72,1.0,0.0,off
22.03,246.3609375,75,1.0,1.0,off
22.08,244.35563049316406,72,1.0,0.0,off
22.13,243.3781494140625,72,1.0,0.0,off
22.18,239.37852172851564,75,1.0,1.0,off
22.23,237.43564453125,72,1.0,0.0,off
22.28,236.5019989013672,72,1.0,0.0,off
22.33,232.60775756835938,72,1.0,0.0,off
22.38,228.77001342773437,75,1.0,1.0,off
22.43,226.91910552978516,75,1.0,1.0,off
22.48,227.97872314453124,75,1.0,1.0,off
22.53,229.0331771850586,75,1.0,1.0,off
22.58,230.08272857666017,75,1.0,1.0,off
22.63,231.12800903320314,75,1.0,1.0,off
22.68,232.16976013183594,75,1.0,1.0,off
22.73,233.20862731933593,75,1.0,1.0,off
22.78,234.24524230957033,69,0.8333333134651184,1.0,off
22.83,235.29553527832033,75,1.0,1.0,off
22.88,236.34283447265625,75,1.0,1.0,off
22.93,237.3850524902344,75,1.0,1.0,off
22.98,238.42444152832033,75,1.0,1.0,off
23.03,239.4613037109375,75,1.0,1.0,off
23.08,240.49635314941406,75,1.0,1.0,off
23.13,241.530029296875,75,1.0,1.0,off
23.18,242.5624969482422,75,1.0,1.0,off
23.23,243.5936462402344,75,1.0,1.0,off
23.28,244.62350463867188,75,1.0,1.0,off
23.33,245.65314331054688,75,1.0,1.0,off
23.38,246.68291931152345,75,1.0,1.0,off
23.43,247.71286010742188,75,1.0,1.0,off
23.48,248.74310302734375,75,1.0,1.0,off
23.53,249.77364807128907,75,1.0,1.0,off
23.58,250.80455017089844,75,1.0,1.0,off
23.63,251.83591918945314,75,1.0,1.0,off
23.68,252.8677001953125,75,1.0,1.0,off
23.73,253.8999481201172,75,1.0,1.0,off
23.78,254.93260803222657,75,1.0,1.0,off
23.83,255.96570739746093,75,1.0,1.0,off
23.88,256.99921875,75,1.0,1.0,off
23.93,258.0332244873047,75,1.0,1.0,off
23.98,259.0675323486328,69,0.8333333134651184,1.0,off
24.03,260.1166442871094,63,0.6666666865348816,1.0,off
24.08,261.1975891113281,57,0.5,1.0,off
24.13,262.31434936523436,27,-0.3333333432674408,1.0,off
24.18,263.4797790527344,15,-0.6666666865348816,1.0,off
24.23,264.6805847167969,9,-0.8333333134651184,1.0,off
24.28,265.88718566894534,15,-0.6666666865348816,1.0,off
24.33,267.0970001220703,9,-0.8333333134651184,1.0,off
24.38,268.3043701171875,9,-0.8333333134651184,1.0,off
24.43,269.4972381591797,9,-0.8333333134651184,1.0,off
24.48,270.6756317138672,9,-0.8333333134651184,1.0,off
24.53,271.8377655029297,3,-1.0,1.0,off
24.58,272.97430114746095,9,-0.8333333134651184,1.0,off
24.63,274.0947692871094,9,-0.8333333134651184,1.0,off
24.68,275.2160339355469,9,-0.8333333134651184,1.0,off
24.73,276.3327941894531,15,-0.6666666865348816,1.0,off
24.78,277.4585357666016,33,-0.1666666716337204,1.0,off
24.83,278.6103424072266,63,0.6666666865348816,1.0,off
24.88,279.8091156005859,63,0.6666666865348816,1.0,off
24.93,281.0139587402344,69,0.8333333134651184,1.0,off
24.98,282.22522888183596,69,0.8333333134651184,1.0,off
25.03,283.4264739990235,69,0.8333333134651184,1.0,off
25.08,284.6172271728516,69,0.8333333134651184,1.0,off
25.13,285.8005645751953,69,0.8333333134651184,1.0,off
25.18,286.9698394775391,69,0.8333333134651184,1.0,off
25.23,288.12538146972656,63,0.6666666865348816,1.0,off
25.28,289.27979736328126,63,0.6666666865348816,1.0,off
25.33,290.4397338867188,57,0.5,1.0,off
25.38,291.6122497558594,27,-0.3333333432674408,1.0,off
25.43,292.8029754638672,21,-0.5,1.0,off
25.48,294.0202331542969,9,-0.8333333134651184,1.0,off
25.53,295.2397430419922,21,-0.5,1.0,off
25.58,296.4576324462891,21,-0.5,1.0,off
25.63,297.6909576416016,21,-0.5,1.0,off
25.68,298.92529907226566,27,-0.3333333432674408,1.0,off
25.73,300.1598327636719,27,-0.3333333432674408,1.0,off
25.78,301.39584960937503,27,-0.3333333432674408,1.0,off
25.83,302.6310699462891,21,-0.5,1.0,off
25.88,303.8591766357422,9,-0.8333333134651184,1.0,off
25.93,305.07195739746095,3,-1.0,1.0,off
25.98,306.2422210693359,3,-1.0,1.0,off
26.03,307.38738098144535,3,-1.0,1.0,off
26.08,308.51128234863285,3,-1.0,1.0,off
26.13,309.6178802490235,3,-1.0,1.0,off
26.18,310.71107482910156,3,-1.0,1.0,off
26.23,311.7941619873047,9,-0.8333333134651184,1.0,off
26.28,312.88694458007814,21,-0.5,1.0,off
26.33,314.0019744873047,21,-0.5,1.0,off
26.38,315.1499908447266,27,-0.3333333432674408,1.0,off
26.43,316.32220458984375,57,0.5,1.0,off
26.48,317.52556457519535,57,0.5,1.0,off
26.53,318.7430419921875,63,0.6666666865348816,1.0,off
26.58,319.96848449707034,63,0.6666666865348816,1.0,off
26.63,321.19118041992186,69,0.8333333134651184,1.0,off
26.68,322.4056365966797,75,1.0,1.0,off
26.73,323.5943298339844,75,1.0,1.0,off
26.78,324.7506134033203,75,1.0,1.0,off
26.83,325.88286437988285,75,1.0,1.0,off
26.88,326.9935272216797,75,1.0,1.0,off
26.93,328.08721618652345,75,1.0,1.0,off
26.98,329.1677490234375,69,0.8333333134651184,1.0,off
27.03,330.2505340576172,69,0.8333333134651184,1.0,off
27.08,331.34326171875,63,0.6666666865348816,1.0,off
27.13,332.4509307861328,63,0.6666666865348816,1.0,off
27.18,333.5769744873047,63,0.6666666865348816,1.0,off
27.23,334.71507568359374,63,0.6666666865348816,1.0,off
27.28,335.8622680664063,63,0.6666666865348816,1.0,off
27.33,337.01555786132815,69,0.8333333134651184,1.0,off
27.38,338.1602783203125,60,0.6666666865348816,0.0,off
27.43,336.7034088134766,69,0.8333333134651184,1.0,off
27.48,272.5206756591797,60,0.6666666865348816,0.0,off
27.53,258.297445678711,75,1.0,1.0,off
27.58,238.46039428710938,72,1.0,0.0,off
27.63,228.56765899658203,72,1.0,0.0,off
27.68,215.99578399658205,75,1.0,1.0,off
27.73,205.42001495361328,75,1.0,1.0,off
27.78,198.84185485839845,63,0.6666666865348816,1.0,off
27.83,195.0743133544922,75,1.0,1.0,off
27.88,190.54349670410156,75,1.0,1.0,off
27.93,186.5452835083008,75,1.0,1.0,off
27.98,182.54974822998048,75,1.0,1.0,off
28.03,178.5622329711914,75,1.0,1.0,off
28.08,175.4414291381836,75,1.0,1.0,off
28.13,175.7761688232422,75,1.0,1.0,off
28.18,176.1061569213867,75,1.0,1.0,off
28.23,176.42852325439455,75,1.0,1.0,off
28.28,176.74207305908203,75,1.0,1.0,off
28.33,177.04778137207032,75,1.0,1.0,off
28.38,177.34807891845705,75,1.0,1.0,off
28.43,177.6450942993164,69,0.8333333134651184,1.0,off
28.48,177.96780395507812,69,0.8333333134651184,1.0,off
28.53,178.3073226928711,27,-0.3333333432674408,1.0,off
28.58,178.70306396484375,27,-0.3333333432674408,1.0,off
28.63,179.17579193115236,9,-0.8333333134651184,1.0,off
28.68,179.6689407348633,3,-1.0,1.0,off
28.73,180.13944396972656,3,-1.0,1.0,off
28.78,180.58985595703126,3,-1.0,1.0,off
28.83,181.02115173339845,9,-0.8333333134651184,1.0,off
28.88,181.44784698486328,3,-1.0,1.0,off
28.93,181.84693908691406,3,-1.0,1.0,off
28.98,182.20933685302734,3,-1.0,1.0,off
29.03,182.55194549560548,3,-1.0,1.0,off
29.08,182.8789260864258,3,-1.0,1.0,off
29.13,183.19449462890626,3,-1.0,1.0,off
29.18,183.50227661132814,3,-1.0,1.0,off
29.23,183.80559539794922,9,-0.8333333134651184,1.0,off
29.28,175.61596069335937,9,-0.8333333134651184,1.0,off
29.33,167.63898010253908,9,-0.8333333134651184,1.0,off
29.38,163.7384216308594,9,-0.8333333134651184,1.0,off
29.43,159.50709228515626,9,-0.8333333134651184,1.0,off
29.48,155.35167846679687,3,-1.0,1.0,off
29.53,151.26321258544922,3,-1.0,1.0,off
29.58,147.21562957763672,3,-1.0,1.0,off
29.63,143.1975860595703,3,-1.0,1.0,off
29.68,138.96407318115234,3,-1.0,1.0,off
29.73,134.38553466796876,3,-1.0,1.0,off
29.78,129.81181640625002,3,-1.0,1.0,off
29.83,125.54533081054687,3,-1.0,1.0,off
29.88,121.5838394165039,3,-1.0,1.0,off
29.93,121.07723236083984,3,-1.0,1.0,off
29.98,121.42905578613282,9,-0.8333333134651184,1.0,off
30.03,121.79711151123047,3,-1.0,1.0,off
30.08,122.14997863769531,3,-1.0,1.0,off
30.13,122.48585815429688,3,-1.0,1.0,off
30.18,122.81444549560547,3,-1.0,1.0,off
30.23,123.13797912597657,3,-1.0,1.0,off
30.28,124.54477844238282,9,-0.8333333134651184,1.0,off
30.33,126.24649200439454,9,-0.8333333134651184,1.0,off
30.38,127.97711334228516,9,-0.8333333134651184,1.0,off
30.43,129.71865234375,9,-0.8333333134651184,1.0,off
30.48,131.46884307861328,9,-0.8333333134651184,1.0,off
30.53,133.22591400146484,9,-0.8333333134651184,1.0,off
30.58,134.98865661621093,15,-0.6666666865348816,1.0,off
30.63,136.77503356933593,15,-0.6666666865348816,1.0,off
30.68,138.58755798339845,21,-0.5,1.0,off
30.73,140.4268341064453,33,-0.1666666716337204,1.0,off
30.78,142.31560363769532,33,-0.1666666716337204,1.0,off
30.83,144.2308090209961,21,-0.5,1.0,off
30.88,146.14696197509767,21,-0.5,1.0,off
30.93,148.0619888305664,21,-0.5,1.0,off
30.98,149.97624664306642,21,-0.5,1.0,off
31.03,151.88954315185546,21,-0.5,1.0,off
31.08,153.80237274169923,21,-0.5,1.0,off
31.13,155.71495513916017,27,-0.3333333432674408,1.0,off
31.18,157.639567565918,27,-0.3333333432674408,1.0,off
31.23,159.57159576416015,27,-0.3333333432674408,1.0,off
31.28,161.5083480834961,33,-0.1666666716337204,1.0,off
31.33,162.06686553955078,57,0.5,1.0,off
31.38,162.0389877319336,57,0.5,1.0,off
31.43,162.00563049316406,57,0.5,1.0,off
31.48,161.97949676513673,57,0.5,1.0,off
31.53,163.93687591552734,57,0.5,1.0,off
31.58,165.88999786376954,45,0.1666666716337204,1.0,off
31.63,167.84268035888672,45,0.1666666716337204,1.0,off
31.68,169.80015563964844,45,0.1666666716337204,1.0,off
31.73,171.75327758789064,33,-0.1666666716337204,1.0,off
31.78,173.7049575805664,33,-0.1666666716337204,1.0,off
31.83,175.65508575439455,33,-0.1666666716337204,1.0,off
31.88,177.60559844970703,33,-0.1666666716337204,1.0,off
31.93,179.5588165283203,21,-0.5,1.0,off
31.98,181.5110870361328,21,-0.5,1.0,off
32.03,183.45927886962892,15,-0.6666666865348816,1.0,off
32.08,185.39781646728517,15,-0.6666666865348816,1.0,off
32.13,187.31810302734377,15,-0.6666666865348816,1.0,off
32.18,189.22656555175783,15,-0.6666666865348816,1.0,off
32.23,191.12413787841797,9,-0.8333333134651184,1.0,off
32.28,192.99615325927735,15,-0.6666666865348816,1.0,off
32.33,194.86539459228516,9,-0.8333333134651184,1.0,off
32.38,196.72349853515627,15,-0.6666666865348816,1.0,off
32.43,198.58123168945312,9,-0.8333333134651184,1.0,off
32.48,200.42968139648437,15,-0.6666666865348816,1.0,off
32.53,201.84962310791016,15,-0.6666666865348816,1.0,off
32.58,202.99334106445312,21,-0.5,1.0,off
32.63,204.15138244628906,15,-0.6666666865348816,1.0,off
32.68,205.310302734375,27,-0.3333333432674408,1.0,off
32.73,206.4839584350586,21,-0.5,1.0,off
32.78,207.67037200927734,27,-0.3333333432674408,1.0,off
32.83,208.86849975585938,21,-0.5,1.0,off
32.88,210.06798706054687,27,-0.3333333432674408,1.0,off
32.93,211.27523345947267,21,-0.5,1.0,off
32.98,212.48393554687502,15,-0.6666666865348816,1.0,off
33.03,213.68079986572266,15,-0.6666666865348816,1.0,off
33.08,214.86465911865236,9,-0.8333333134651184,1.0,off
33.13,216.02981414794922,15,-0.6666666865348816,1.0,off
33.18,217.1899429321289,9,-0.8333333134651184,1.0,off
33.23,218.33982696533204,9,-0.8333333134651184,1.0,off
33.28,219.47173461914062,21,-0.5,1.0,off
33.33,220.6123764038086,9,-0.8333333134651184,1.0,off
33.38,221.76324920654298,9,-0.8333333134651184,1.0,off
33.43,222.88838653564454,9,-0.8333333134651184,1.0,off
33.48,224.0094177246094,9,-0.8333333134651184,1.0,off
33.53,225.12384338378908,9,-0.8333333134651184,1.0,off
33.58,226.2334213256836,9,-0.8333333134651184,1.0,off
33.63,227.3396759033203,3,-1.0,1.0,off
33.68,228.42259826660157,9,-0.8333333134651184,1.0,off
33.73,229.50372161865235,3,-1.0,1.0,off
33.78,230.57278747558595,9,-0.8333333134651184,1.0,off
33.83,231.64307556152343,3,-1.0,1.0,off
33.88,232.70416259765625,9,-0.8333333134651184,1.0,off
33.93,233.76901245117188,9,-0.8333333134651184,1.0,off
33.98,234.84781494140626,9,-0.8333333134651184,1.0,off
34.03,235.0079132080078,9,-0.8333333134651184,1.0,off
34.08,234.8384216308594,27,-0.3333333432674408,1.0,off
34.13,234.6929901123047,9,-0.8333333134651184,1.0,off
34.18,234.57463989257812,9,-0.8333333134651184,1.0,off
34.23,234.6912048339844,3,-1.0,1.0,off
34.28,235.79631958007812,3,-1.0,1.0,off
34.33,236.8817138671875,3,-1.0,1.0,off
34.38,237.95271606445314,3,-1.0,1.0,off
34.43,239.0121276855469,3,-1.0,1.0,off
34.48,240.0627227783203,3,-1.0,1.0,off
34.53,241.1068359375,3,-1.0,1.0,off
34.58,242.14630737304688,3,-1.0,1.0,off
34.63,243.18248291015627,3,-1.0,1.0,off
34.68,244.2165710449219,9,-0.8333333134651184,1.0,off
34.73,245.2642547607422,9,-0.8333333134651184,1.0,off
34.78,246.3310272216797,15,-0.6666666865348816,1.0,off
34.83,247.4206512451172,21,-0.5,1.0,off
34.88,248.54891967773438,21,-0.5,1.0,off
34.93,249.70050659179688,9,-0.8333333134651184,1.0,off
34.98,250.85514221191406,21,-0.5,1.0,off
35.03,252.00598754882813,15,-0.6666666865348816,1.0,off
35.08,253.17012634277344,21,-0.5,1.0,off
35.13,254.3407745361328,21,-0.5,1.0,off
35.18,255.5229034423828,21,-0.5,1.0,off
35.23,256.711019897461,21,-0.5,1.0,off
35.28,257.9038330078125,27,-0.3333333432674408,1.0,off
35.33,259.10576477050785,27,-0.3333333432674408,1.0,off
35.38,260.31736450195314,57,0.5,1.0,off
35.43,261.5396759033203,27,-0.3333333432674408,1.0,off
35.48,262.7672058105469,57,0.5,1.0,off
35.53,264.00193176269534,27,-0.3333333432674408,1.0,off
35.58,265.23731689453126,63,0.6666666865348816,1.0,off
35.63,266.47539367675785,27,-0.3333333432674408,1.0,off
35.68,267.70187988281253,63,0.6666666865348816,1.0,off
35.73,268.94794921875,57,0.5,1.0,off
35.78,270.18597106933595,57,0.5,1.0,off
35.83,271.4244049072266,63,0.6666666865348816,1.0,off
35.88,272.6489959716797,63,0.6666666865348816,1.0,off
35.93,273.8607879638672,63,0.6666666865348816,1.0,off
35.98,275.0646148681641,69,0.8333333134651184,1.0,off
36.03,276.24778747558594,69,0.8333333134651184,1.0,off
36.08,277.41357421875,69,0.8333333134651184,1.0,off
36.13,278.5662322998047,69,0.8333333134651184,1.0,off
36.18,279.7082885742188,69,0.8333333134651184,1.0,off
36.23,280.8422424316406,63,0.6666666865348816,1.0,off
36.28,281.9851776123047,69,0.8333333134651184,1.0,off
36.33,283.124349975586,60,0.6666666865348816,0.0,off
36.38,280.86448974609374,60,0.6666666865348816,0.0,off
36.43,276.4005798339844,9,-0.8333333134651184,1.0,off
36.48,275.3642944335938,69,0.8333333134651184,1.0,off
36.53,276.59251098632814,69,0.8333333134651184,1.0,off
36.58,277.8131469726563,59,0.5,1.0,tap
36.63,277.84764404296874,22,-0.5,1.0,held
