run/episode_count,run/Run reward,run/best race progress,run/Run time,_timestamp,run/Steps,_step,_runtime
1,0.7014904524839505,0.007422340328049116,11.9,1772713079.281539,238,0,13.4809406
2,137.2750103889109,0.40447173096307154,99.65,1772713181.1941159,1993,1,115.38886
3,137.34819577176205,0.40456336479428207,99.60000000000001,1772713283.2732646,1992,2,217.4643439
4,12.16364020447051,0.041510125538348756,20.450000000000003,1772713306.1932013,409,3,240.383849
5,137.27244160986692,0.40438009713186107,107.4,1772713415.849142,2148,4,350.0343122
6,12.169647278640936,0.041510125538348756,19.5,1772713437.9096324,390,5,372.0944039
7,12.127802522731336,0.04132685787592779,15.15,1772713455.3703482,303,6,389.5544065
8,135.53489261251727,0.40456336479428207,99.0,1772713556.64253,1980,7,490.8225785
9,139.26256283678887,0.40456336479428207,109.7,1772713668.8993347,2194,8,603.0746805
10,1.1778519526582498,0.0027490149363144875,9.65,1772713681.1627517,193,9,615.3375979
11,1.1775726743291908,0.0027490149363144875,9.65,1772713696.8913605,193,10,631.0654702
12,-0.8267417357412532,0.0027490149363144875,9.65,1772713708.796903,193,11,642.9706206
13,-0.8259204174776025,0.0027490149363144875,9.65,1772713720.6976273,193,12,654.8703596
14,-0.8247692167357334,0.0027490149363144875,9.65,1772713732.5987635,193,13,666.7715101
15,1.1584969027968002,0.0027490149363144875,9.700000000000001,1772713744.5399163,194,14,678.7126756
16,-0.8259589423193108,0.0027490149363144875,9.65,1772713756.437841,193,15,690.6096152
17,-0.7924049077234019,0.00284064876752497,9.65,1772713768.3413508,193,16,702.5126395
18,1.3190176930920252,0.003207184092366902,9.75,1772713780.3328507,195,17,714.5036481
19,1.1779469716348738,0.0027490149363144875,9.65,1772713792.2235308,193,18,726.3938436
20,1.1379373787604083,0.0026573811051040044,9.65,1772713804.1133423,193,19,738.2831703
21,1.1743969708135884,0.0027490149363144875,9.700000000000001,1772713816.057483,194,20,750.2268255
22,-0.8262913773212144,0.0027490149363144875,9.65,1772713827.9516666,193,21,762.1205221
23,-0.8247541325468153,0.0027490149363144875,9.65,1772713839.8458672,193,22,774.0142384
24,1.175250503221105,0.0027490149363144875,9.65,1772713851.7366257,193,23,785.9045104
25,1.268858761939904,0.0030239164299459362,9.65,1772713863.626177,193,24,797.7935782
26,1.1776836730840248,0.0027490149363144875,9.65,1772713875.517888,193,25,809.6848033
27,-0.8250102877676657,0.0027490149363144875,9.65,1772713887.4102147,193,26,821.5766448
28,1.1768334393183733,0.0027490149363144875,9.65,1772713899.3011286,193,27,833.4665741
29,1.2283260820267232,0.002932282598735453,9.75,1772713911.296053,195,28,845.4615086
30,1.231887239887481,0.002932282598735453,9.65,1772713923.1890738,193,29,857.3540442
31,-0.824207719399429,0.0027490149363144875,9.65,1772713935.0835106,193,30,869.2479955
32,1.4406794656581232,0.0035737194172088334,9.850000000000001,1772713947.1783159,197,31,881.3423075
33,-0.6515505298147857,0.0032988179235773846,9.850000000000001,1772713959.271489,197,32,893.4349878
34,-0.8255292862350867,0.0027490149363144875,9.65,1772713971.1764827,193,33,905.3401861
35,-0.823152255774773,0.0027490149363144875,9.65,1772713983.0772352,193,34,917.239763
36,-0.7874622311429873,0.002932282598735453,9.850000000000001,1772713995.170159,197,35,929.3321936
37,1.2053699588313989,0.00284064876752497,9.65,1772714007.0679533,193,36,941.2300006
38,-0.6509356776219897,0.0032988179235773846,9.700000000000001,1772714019.0101757,194,37,953.1707369
39,1.1776680964305941,0.0027490149363144875,9.65,1772714030.9024117,193,38,965.0629877
40,1.1776697850854105,0.0027490149363144875,9.65,1772714042.7941468,193,39,976.9542382
41,1.2906133192276945,0.003115550261156419,9.9,1772714054.9403746,198,40,989.0999698
42,-0.6125397900129876,0.0033904517547878677,9.700000000000001,1772714066.8832567,194,41,1001.0423643
43,-0.8247695527478436,0.0027490149363144875,9.65,1772714078.7729487,193,42,1012.9315725
44,1.2663830439696084,0.0030239164299459362,9.700000000000001,1772714090.7325618,194,43,1024.8906991
45,-0.8247529253507624,0.0027490149363144875,9.65,1772714102.6329176,193,44,1036.7905667
46,-0.826669282286635,0.0027490149363144875,9.65,1772714114.5230432,193,45,1048.6802072
47,1.1593654218358342,0.0027490149363144875,9.55,1772714126.3918533,191,46,1060.5485335
48,1.1785749626774682,0.0027490149363144875,9.65,1772714138.3307874,193,47,1072.4869835
49,1.1743259538636313,0.0027490149363144875,9.65,1772714150.2315266,193,48,1084.387234
50,1.1780468144266543,0.0027490149363144875,9.65,1772714162.142358,193,49,1096.2975793
51,1.177682022057506,0.0027490149363144875,9.65,1772714174.0478725,193,50,1108.2026088
52,1.1773836996167353,0.0027490149363144875,9.65,1772714185.9672282,193,51,1120.1214782
53,-0.8231746343456078,0.0027490149363144875,9.65,1772714197.8663347,193,52,1132.0200992
54,1.1601713391306545,0.0027490149363144875,9.700000000000001,1772714209.8211877,194,53,1143.9744639
55,1.2934868166136453,0.003115550261156419,9.700000000000001,1772714221.7770293,194,54,1155.9298175
56,-0.8259665614383767,0.0027490149363144875,9.65,1772714233.6668508,193,55,1167.8191539
57,-0.8251514429840932,0.0027490149363144875,9.65,1772714245.563027,193,56,1179.7148442
58,1.1767279549902796,0.0027490149363144875,9.65,1772714257.4466288,193,57,1191.5974618
59,-0.824735718805802,0.0027490149363144875,9.65,1772714269.330492,193,58,1203.4813407
60,-0.8246369831145255,0.0027490149363144875,9.65,1772714281.2242925,193,59,1215.3746557
61,1.1787606514817295,0.0027490149363144875,9.65,1772714293.12021,193,60,1227.2700874
62,1.1770553598831714,0.0027490149363144875,9.65,1772714305.0107105,193,61,1239.160103
63,-0.8248738252744567,0.0027490149363144875,9.65,1772714316.9103303,193,62,1251.0592431
64,-0.8247697728140841,0.0027490149363144875,9.65,1772714328.8030822,193,63,1262.9515039
65,1.1765514120069054,0.0027490149363144875,9.65,1772714340.6969476,193,64,1274.8448838
66,1.1776303998547846,0.0027490149363144875,9.65,1772714352.5912676,193,65,1286.7389607
67,-0.8247695527478436,0.0027490149363144875,9.65,1772714364.4844534,193,66,1298.6314182
68,-0.8242584765315175,0.0027490149363144875,9.65,1772714376.3718274,193,67,1310.5183069
69,-0.8237719252550757,0.0027490149363144875,9.65,1772714388.2636864,193,68,1322.4096818
70,1.1779033673245816,0.0027490149363144875,9.65,1772714400.1599476,193,69,1334.3054575
71,-0.8256126464324156,0.0027490149363144875,9.65,1772714412.0537386,193,70,1346.1987631
72,1.2023419775672906,0.00284064876752497,9.65,1772714423.954564,193,71,1358.099103
73,1.1771816372226642,0.0027490149363144875,9.65,1772714435.8445828,193,72,1369.9886371
74,-0.8247483968741445,0.0027490149363144875,9.65,1772714447.7402375,193,73,1381.8838066
75,-0.8250680673781998,0.0027490149363144875,9.65,1772714459.6451821,193,74,1393.7882669
76,1.1772027701459615,0.0027490149363144875,9.65,1772714471.5452476,193,75,1405.6878494
77,-0.8250182596693543,0.0027490149363144875,9.65,1772714483.4375749,193,76,1417.5796879
78,1.1772069876455191,0.0027490149363144875,9.65,1772714495.3271124,193,77,1429.4687398
79,1.1776697850854105,0.0027490149363144875,9.65,1772714507.2147229,193,78,1441.3553653
80,1.1768325879023718,0.0027490149363144875,9.65,1772714519.1177552,193,79,1453.2584118
81,-0.8242637155152903,0.0027490149363144875,9.65,1772714531.0071008,193,80,1465.1472724
82,-0.824686776188051,0.0027490149363144875,9.65,1772714542.899401,193,81,1477.0390872
83,1.1752304472521564,0.0027490149363144875,9.65,1772714554.7925477,193,82,1488.9318483
84,1.1721672925385664,0.0027490149363144875,9.75,1772714566.7924664,195,83,1500.9311779
85,-0.8258994716316774,0.0027490149363144875,9.65,1772714578.681521,193,84,1512.8197477
86,-0.8244794685183383,0.0027490149363144875,9.65,1772714590.5721774,193,85,1524.7099196
87,1.177682022057506,0.0027490149363144875,9.65,1772714602.467063,193,86,1536.6043177
88,1.1795160303529504,0.0027490149363144875,9.65,1772714614.3623214,193,87,1548.4990913
89,1.1776838309366822,0.0027490149363144875,9.65,1772714626.2588577,193,88,1560.3952926
90,-0.8251211959762117,0.0027490149363144875,9.65,1772714638.1538968,193,89,1572.2896986
91,-0.8232527934758052,0.0027490149363144875,9.65,1772714650.0510533,193,90,1584.186369
92,1.173965426690239,0.0027490149363144875,9.700000000000001,1772714662.031433,194,91,1596.1664411
93,1.20228830527995,0.00284064876752497,9.65,1772714673.9221323,193,92,1608.0564745
94,1.178865374447678,0.0027490149363144875,9.65,1772714685.8255746,193,93,1619.9599311
95,-0.8261454110071476,0.0027490149363144875,9.65,1772714697.715944,193,94,1631.8493159
96,1.1776681486581755,0.0027490149363144875,9.65,1772714709.610882,193,95,1643.7437665
97,-0.7956538519673235,0.00284064876752497,9.65,1772714721.499434,193,96,1655.6323332
98,1.1971389785416822,0.00284064876752497,9.850000000000001,1772714733.5942242,197,97,1667.726131
99,-0.8247837012005432,0.0027490149363144875,9.65,1772714745.4863987,193,98,1679.6178191
100,1.197001559370832,0.00284064876752497,9.700000000000001,1772714757.4255385,194,99,1691.5569725
101,-0.8251525008084368,0.0027490149363144875,9.65,1772714769.3310106,193,100,1703.4609587
102,-0.8240404165552269,0.0027490149363144875,9.65,1772714781.2211666,193,101,1715.3511284
103,-0.8008649711103276,0.00284064876752497,9.700000000000001,1772714793.1743262,194,102,1727.3043069
104,1.1786618204712425,0.0027490149363144875,9.65,1772714805.0674043,193,103,1739.1963945
105,1.1780611749801275,0.0027490149363144875,9.65,1772714816.9593658,193,104,1751.0882321
106,1.1785187411070819,0.0027490149363144875,9.65,1772714828.8485944,193,105,1762.9766139
107,1.1783959402214783,0.0027490149363144875,9.65,1772714840.7391105,193,106,1774.8661449
108,1.1766421096894928,0.0027490149363144875,9.65,1772714852.6297717,193,107,1786.7568208
109,1.1780897252583098,0.0027490149363144875,9.65,1772714864.5247805,193,108,1798.6513447
110,1.1776681486581755,0.0027490149363144875,9.65,1772714876.4194,193,109,1810.5454788
111,-0.8239881939616069,0.0027490149363144875,9.65,1772714888.3237207,193,110,1822.4493139
112,1.1776681486581755,0.0027490149363144875,9.65,1772714900.2185898,193,111,1834.3436972
113,1.1764592314468452,0.0027490149363144875,9.65,1772714912.1126738,193,112,1846.2372961
114,-0.8247695527478436,0.0027490149363144875,9.65,1772714924.0065084,193,113,1858.1306732
115,1.1776818081383837,0.0027490149363144875,9.65,1772714935.8993948,193,114,1870.0230482
116,-0.8247542586288426,0.0027490149363144875,9.65,1772714947.810814,193,115,1881.9339797
117,1.1785025236614053,0.0027490149363144875,9.65,1772714959.70315,193,116,1893.8258308
118,1.1773047136793267,0.0027490149363144875,9.65,1772714971.5971668,193,117,1905.7193621
119,-0.8247541325468153,0.0027490149363144875,9.65,1772714983.4894464,193,118,1917.611656
120,-0.8250173263152796,0.0027490149363144875,9.65,1772714995.3899474,193,119,1929.5111728
121,-0.8250819897461308,0.0027490149363144875,9.65,1772715007.2806206,193,120,1941.4016273
122,-0.8247529253507624,0.0027490149363144875,9.65,1772715019.1721365,193,121,1953.2923958
123,1.1783716626395038,0.0027490149363144875,9.65,1772715031.065116,193,122,1965.1851046
124,-0.8251355170219161,0.0027490149363144875,9.65,1772715042.9613323,193,123,1977.0806163
125,-0.8247692167357334,0.0027490149363144875,9.65,1772715054.8546937,193,124,1988.9734926
126,1.1736614899590792,0.0027490149363144875,9.65,1772715066.7579162,193,125,2000.8762297
127,-0.8245661907873938,0.0027490149363144875,9.65,1772715078.6512136,193,126,2012.7690413
128,-0.8247740821124776,0.0027490149363144875,9.65,1772715090.5429027,193,127,2024.660428
129,-0.8237224732561952,0.0027490149363144875,9.65,1772715102.4351227,193,128,2036.5519796
130,1.27306848145247,0.0030239164299459362,9.65,1772715114.3359096,193,129,2048.4522797
131,1.1776681486581755,0.0027490149363144875,9.65,1772715126.2289093,193,130,2060.3442958
132,-0.824587212338771,0.0027490149363144875,9.65,1772715138.1208727,193,131,2072.2362742
133,-0.8252578410417719,0.0027490149363144875,9.65,1772715150.0165594,193,132,2084.1309754
134,1.1768583259094425,0.0027490149363144875,9.65,1772715161.9165206,193,133,2096.0309527
135,1.1752505223091019,0.0027490149363144875,9.65,1772715173.81077,193,134,2107.9247148
136,1.178785243749698,0.0027490149363144875,9.65,1772715185.7160714,193,135,2119.8290309
137,-0.8247489756925173,0.0027490149363144875,9.65,1772715197.6688442,193,136,2131.7818143
138,-0.8245639089995058,0.0027490149363144875,9.65,1772715209.5785298,193,137,2143.6910161
139,-0.8231821077532175,0.0027490149363144875,9.65,1772715221.4767754,193,138,2155.5887751
140,1.1772824121262646,0.0027490149363144875,9.65,1772715233.371172,193,139,2167.4826873
141,-0.8255436551188635,0.0027490149363144875,9.65,1772715245.270103,193,140,2179.3811332
142,1.1774948967536543,0.0027490149363144875,9.65,1772715257.167213,193,141,2191.2777573
143,1.1782619720359317,0.0027490149363144875,9.65,1772715269.058654,193,142,2203.1687127
144,1.1717042309096337,0.0027490149363144875,9.65,1772715280.9451864,193,143,2215.0547587
145,-0.8245669254706285,0.0027490149363144875,9.65,1772715292.8397536,193,144,2226.949792
146,1.1772030735018917,0.0027490149363144875,9.65,1772715304.733748,193,145,2238.8423514
147,1.1762489217179077,0.0027490149363144875,9.65,1772715316.6232388,193,146,2250.7313563
148,1.1740753089593845,0.0027490149363144875,9.65,1772715328.514557,193,147,2262.6221903
149,1.1782683245798018,0.0027490149363144875,9.65,1772715340.4084997,193,148,2274.5156475
150,1.1770668733368208,0.0027490149363144875,9.65,1772715352.3016274,193,149,2286.4082897
151,1.1739326101331988,0.0027490149363144875,9.65,1772715364.207836,193,150,2298.3145198
152,1.178570309748619,0.0027490149363144875,9.65,1772715376.1039953,193,151,2310.2096862
153,1.1727727080986028,0.0027490149363144875,9.65,1772715387.9945664,193,152,2322.0997729
154,1.1777351585130107,0.0027490149363144875,9.65,1772715399.8861456,193,153,2333.9908671
155,-0.823967752730357,0.0027490149363144875,9.65,1772715411.7763252,193,154,2345.8805613
156,1.1791018426018172,0.0027490149363144875,9.65,1772715423.6802826,193,155,2357.7845395
157,1.1777558783686681,0.0027490149363144875,9.65,1772715435.579922,193,156,2369.6831853
158,1.179433126526029,0.0027490149363144875,9.65,1772715447.4711854,193,157,2381.5734653
159,1.1794922185126615,0.0027490149363144875,9.65,1772715459.3718176,193,158,2393.4741117
160,-0.8232198236106532,0.0027490149363144875,9.65,1772715471.2644844,193,159,2405.3667921
161,-0.8247652192474331,0.0027490149363144875,9.65,1772715483.1613157,193,160,2417.2626439
162,1.1748773458389399,0.0027490149363144875,9.65,1772715495.0548604,193,161,2429.1556982
163,1.1733426999449579,0.0027490149363144875,9.65,1772715506.9474401,193,162,2441.0477916
164,1.1778056286683483,0.0027490149363144875,9.65,1772715518.8400285,193,163,2452.9398965
165,1.1744146771170028,0.0027490149363144875,9.65,1772715530.7346117,193,164,2464.8340002
166,1.1785550197932726,0.0027490149363144875,9.65,1772715542.6304326,193,165,2476.7293298
167,1.1778769721669855,0.0027490149363144875,9.65,1772715554.5216982,193,166,2488.6201094
168,-0.826495919683756,0.0027490149363144875,9.65,1772715566.4137883,193,167,2500.5117141
169,1.175042557686482,0.0027490149363144875,9.65,1772715578.308223,193,168,2512.4056644
170,1.1777756569463598,0.0027490149363144875,9.65,1772715590.2020223,193,169,2524.2989761
171,1.1765678326278786,0.0027490149363144875,9.65,1772715602.0959287,193,170,2536.1918999
172,1.17464966405027,0.0027490149363144875,9.65,1772715613.9848073,193,171,2548.0807947
173,-0.8264860361017625,0.0027490149363144875,9.65,1772715625.8899896,193,172,2559.9859889
174,-0.8247733844040903,0.0027490149363144875,9.65,1772715637.7796826,193,173,2571.874198
175,-0.8237280879574354,0.0027490149363144875,9.65,1772715649.6702394,193,174,2583.7647716
176,1.1777947487088039,0.0027490149363144875,9.65,1772715661.5604236,193,175,2595.6544693
177,1.1763697142041967,0.0027490149363144875,9.65,1772715673.4549043,193,176,2607.5484633
178,1.1784454703912715,0.0027490149363144875,9.65,1772715685.4080105,193,177,2619.5010808
179,1.177594334003009,0.0027490149363144875,9.65,1772715697.3463025,193,178,2631.4388876
180,1.1773780817412092,0.0027490149363144875,9.65,1772715709.2369025,193,179,2643.3290024
181,1.1764676335188105,0.0027490149363144875,9.65,1772715721.1390655,193,180,2655.2306796
182,1.178728977604155,0.0027490149363144875,9.65,1772715733.0352566,193,181,2667.1263851
183,1.1772184917252553,0.0027490149363144875,9.65,1772715744.9315581,193,182,2679.0222016
184,1.1796619403653064,0.0027490149363144875,9.65,1772715756.821331,193,183,2690.9119898
185,1.1794267728259558,0.0027490149363144875,9.65,1772715768.7178938,193,184,2702.8075669
186,1.1767887273491813,0.0027490149363144875,9.65,1772715780.6106386,193,185,2714.6998258
187,1.175952038012911,0.0027490149363144875,9.65,1772715792.5107183,193,186,2726.5994186
188,-0.8248019668091204,0.0027490149363144875,9.65,1772715804.401808,193,187,2738.4900236
189,-0.8251604393472585,0.0027490149363144875,9.65,1772715816.3114054,193,188,2750.3986366
190,1.2165299051457032,0.002932282598735453,9.9,1772715828.449244,198,189,2762.5364791
191,-0.8227742109924199,0.0027490149363144875,9.65,1772715840.3582857,193,190,2774.4450358
192,-0.825418712759874,0.0027490149363144875,9.65,1772715852.2529166,193,191,2786.3391804
193,1.1768778337764931,0.0027490149363144875,9.65,1772715864.1470196,193,192,2798.2327997
194,-0.8235817884315617,0.0027490149363144875,9.65,1772715876.043002,193,193,2810.1282955
195,1.1771120507777133,0.0027490149363144875,9.65,1772715887.936753,193,194,2822.0215608
196,1.172063120258303,0.0027490149363144875,9.65,1772715899.82872,193,195,2833.913261
197,1.1776114306222836,0.0027490149363144875,9.65,1772715911.7184,193,196,2845.8022392
198,1.1785922107959375,0.0027490149363144875,9.65,1772715923.6151543,193,197,2857.6985074
199,-0.824784084755855,0.0027490149363144875,9.65,1772715935.5057805,193,198,2869.5886487
200,1.17658884811645,0.0027490149363144875,9.65,1772715947.3965452,193,199,2881.4784283
201,1.1775836059047349,0.0027490149363144875,9.65,1772715959.2961814,193,200,2893.3790803
202,1.1728932709974096,0.0027490149363144875,9.65,1772715971.204097,193,201,2905.2855092
203,-0.8248729183324293,0.0027490149363144875,9.65,1772715983.097321,193,202,2917.1782462
204,1.1774895654749673,0.0027490149363144875,9.65,1772715994.98964,193,203,2929.0695811
205,1.1714662691628623,0.0027490149363144875,9.65,1772716006.8838427,193,204,2940.9632987
206,1.1775839251586506,0.0027490149363144875,9.65,1772716018.7740698,193,205,2952.8535405
207,-0.8240167380480419,0.0027490149363144875,9.65,1772716030.6740782,193,206,2964.7530647
208,-0.8242775385220453,0.0027490149363144875,9.65,1772716042.56635,193,207,2976.644849
209,1.173621652635087,0.0027490149363144875,9.65,1772716054.459451,193,208,2988.5374637
210,1.1780038665649866,0.0027490149363144875,9.65,1772716066.3552678,193,209,3000.432798
211,1.177619376084101,0.0027490149363144875,9.65,1772716078.2530432,193,210,3012.3300875
212,-0.8247465537935981,0.0027490149363144875,9.65,1772716090.1406589,193,211,3024.217218
213,1.1725228490706687,0.0027490149363144875,9.65,1772716102.0355334,193,212,3036.1116073
214,1.173509707242475,0.0027490149363144875,9.65,1772716113.9278274,193,213,3048.0034158
215,1.180006924978949,0.0027490149363144875,9.65,1772716125.8201694,193,214,3059.8954183
216,-0.823532055837086,0.0027490149363144875,9.65,1772716137.7124891,193,215,3071.7871068
217,-0.8242950605611981,0.0027490149363144875,9.65,1772716149.6080675,193,216,3083.6822008
218,-0.8260199867366989,0.0027490149363144875,9.65,1772716161.527833,193,217,3095.6014789
219,-0.8246986468041047,0.0027490149363144875,9.65,1772716173.4262578,193,218,3107.4994195
220,1.1742424333404218,0.0027490149363144875,9.65,1772716185.3276906,193,219,3119.399866
221,-0.8223727512340651,0.0027490149363144875,9.65,1772716197.226277,193,220,3131.2984679
222,1.1728543582973063,0.0027490149363144875,9.65,1772716209.1235406,193,221,3143.195245
223,1.1733604024739124,0.0027490149363144875,9.65,1772716221.0166838,193,222,3155.087904
224,-0.8261991757059186,0.0027490149363144875,9.65,1772716232.904544,193,223,3166.9752778
225,1.226400571070188,0.002932282598735453,9.8,1772716244.9446645,196,224,3179.0144076
226,-0.8061896028137246,0.00284064876752497,9.8,1772716256.9890382,196,225,3191.0587893
227,-0.8231959870577943,0.0027490149363144875,9.65,1772716268.8829393,193,226,3202.9524043
228,1.1748779149371855,0.0027490149363144875,9.65,1772716280.7799034,193,227,3214.8486845
229,-0.8244787857124796,0.0027490149363144875,9.75,1772716292.7715466,195,228,3226.8398383
230,-0.8897531646463279,0.0025657472738935213,9.65,1772716304.6642969,193,229,3238.7321028
231,-0.8251888548390578,0.0027490149363144875,9.65,1772716316.552317,193,230,3250.6196366
232,1.1713938827635286,0.0027490149363144875,9.65,1772716328.444433,193,231,3262.5112684
233,1.1766615039651447,0.0027490149363144875,9.65,1772716340.3373754,193,232,3274.4037262
234,-0.8432450754020371,0.0026573811051040044,9.600000000000001,1772716352.1838615,192,233,3286.2497319
235,1.2342658630283503,0.0030239164299459362,10.100000000000001,1772716364.5318763,202,234,3298.5972414
236,-0.8213194990113892,0.0027490149363144875,9.65,1772716376.42594,193,235,3310.4903186
237,-0.8230865288337901,0.0027490149363144875,9.65,1772716388.3156328,193,236,3322.3800267
238,1.1587153640681271,0.0026573811051040044,9.600000000000001,1772716400.1551912,192,237,3334.2191386
239,1.1767742543773239,0.0027490149363144875,9.65,1772716412.0443258,193,238,3346.1077501
240,1.2149037047421811,0.002932282598735453,9.950000000000001,1772716424.2520502,199,239,3358.3149777
241,-0.8267199074176264,0.0027490149363144875,9.65,1772716436.144921,193,240,3370.207362
242,1.178706452054454,0.0027490149363144875,9.65,1772716448.036035,193,241,3382.0979919
243,1.1768898233922054,0.0027490149363144875,9.65,1772716459.9311297,193,242,3393.9926014
244,1.1726848323844885,0.0027490149363144875,9.65,1772716471.8231454,193,243,3405.8841328
245,1.1772379923175458,0.0027490149363144875,9.65,1772716483.7157137,193,244,3417.7762247
246,-0.8244721966111268,0.0027490149363144875,9.65,1772716495.6204946,193,245,3429.6805117
247,1.1726033703084244,0.0027490149363144875,9.65,1772716507.5171077,193,246,3441.5766373
248,-0.8303570132593934,0.0027490149363144875,9.65,1772716519.4133453,193,247,3453.4723895
249,-0.8226395111817781,0.0027490149363144875,9.65,1772716531.3043063,193,248,3465.3628646
250,-0.8250363993923899,0.0027490149363144875,9.65,1772716543.2024515,193,249,3477.2603433
251,1.177563095118956,0.0027490149363144875,9.65,1772716555.1007533,193,250,3489.1583422
252,1.1781050406098574,0.0027490149363144875,9.65,1772716566.990374,193,251,3501.0476733
253,1.1783393585431488,0.0027490149363144875,9.65,1772716578.8847964,193,252,3512.9414944
254,1.1774056388665415,0.0027490149363144875,9.65,1772716590.7738132,193,253,3524.8295641
255,-0.8238769021441485,0.0027490149363144875,9.65,1772716602.66501,193,254,3536.7218165
256,1.1802480453322814,0.0027490149363144875,9.65,1772716614.5610096,193,255,3548.6163689
257,-0.8252349291716521,0.0027490149363144875,9.65,1772716626.452222,193,256,3560.5071353
258,1.176399988147064,0.0027490149363144875,9.65,1772716638.3432791,193,257,3572.397246
259,1.1782570759894995,0.0027490149363144875,9.65,1772716650.2355065,193,258,3584.2895279
260,1.154535646087211,0.0026573811051040044,9.600000000000001,1772716662.078677,192,259,3596.1320611
261,1.7886835142341797,0.0006414368184733803,9.600000000000001,1772716673.9500086,192,260,3608.0026404
262,7.307796494422894,0.00788050948410153,36.2,1772716712.3945606,724,261,3646.4462511
263,22.863409261501012,0.026298909557408594,113.80000000000001,1772716828.5224574,2276,262,3762.5697926
264,13.726575027820319,0.015027948318519196,69.9,1772716900.9852765,1398,263,3835.0298945
265,14.026173948086754,0.018784935398148996,69.8,1772716973.2005079,1396,264,3907.2424161
266,7.737860027690663,0.008888481627416843,35.75,1772717011.40024,715,265,3945.4407188
267,4.685978279127825,0.0033904517547878677,24.8,1772717038.5441275,496,266,3972.5835842
268,24.87617949916603,0.023458260789883625,136.4,1772717177.3075604,2728,267,4111.3413163
269,5.935548718810543,0.0060478328598918725,20.1,1772717200.2638016,402,268,4134.2976967
270,6.5894317727952405,0.00788050948410153,25.700000000000003,1772717238.1755702,514,269,4172.2070436
271,6.433393659778551,0.008888481627416843,16.55,1772717257.01257,331,270,4191.0438369
272,3.387885786505195,0.00788050948410153,13.350000000000001,1772717272.6256204,267,271,4206.6563028
273,16.66639071996547,0.02052597819114817,62.75,1772717337.633791,1255,272,4271.6625347
274,12.862807453366628,0.016860624942728854,47.650000000000006,1772717387.690096,953,273,4321.7164622
275,7.2879347167264354,0.01227893338220471,19.55,1772717409.585087,391,274,4343.6101323
276,4.542335117558669,0.006872537340786218,13.55,1772717425.4449186,271,275,4359.4698688
277,-0.36212358486157353,0.004764959222945111,16.8,1772717444.4991486,336,276,4378.5233836
278,12.874485250926933,0.021167415009621552,47.85,1772717494.6258502,957,277,4428.6477066
279,5.0930318440248445,0.007422340328049116,13.450000000000001,1772717510.431443,269,278,4444.453206
280,4.658871838775512,0.006506002015944287,13.4,1772717526.0839663,268,279,4460.1051403
281,3.3373733454690826,0.003115550261156419,13.600000000000001,1772717541.9504993,272,280,4475.9710888
282,5.520873636147377,0.007055805003207184,22.150000000000002,1772717566.3591425,443,281,4500.3788088
283,7.450856078618282,0.012095665719783745,19.55,1772717588.2026272,391,282,4522.2209744
284,7.016806051105416,0.008980115458627326,20.85,1772717611.3297198,417,283,4545.3481992
285,4.022290925286475,0.009988087601942638,13.3,1772717626.902639,266,284,4560.9195349
286,7.385027334840637,0.009163383121048292,25.950000000000003,1772717655.108402,519,285,4589.1247458
287,15.106649771677855,0.01704389260514982,55.800000000000004,1772717713.2154014,1116,286,4647.2295605
288,13.445989473206046,0.03958581508292862,12.05,1772717727.692278,241,287,4661.7058934
289,8.910445123298258,0.03866947677082379,12.65,1772717742.5964615,253,288,4676.61002
290,12.62473672659622,0.03692843397782461,12.350000000000001,1772717757.2172594,247,289,4691.229769
291,11.612045411410643,0.03811967378356089,19.1,1772717778.5705419,382,290,4712.5822498
292,10.759183789442686,0.038302941445981856,12.75,1772717793.5964963,255,291,4727.6076427
293,12.116457289557221,0.041785027031980206,12.55,1772717808.3962092,251,292,4742.4067981
294,10.959542957714026,0.03866947677082379,12.450000000000001,1772717823.105211,249,293,4757.1152491
295,12.857574320685838,0.03793640612113992,12.5,1772717837.8558762,250,294,4771.8658614
296,10.54743879914504,0.03692843397782461,12.3,1772717852.40686,246,295,4786.4152997
297,13.518487458889318,0.03931091358929717,18.0,1772717872.666891,360,296,4806.6750733
298,9.863007667194474,0.03353798222303674,36.550000000000004,1772717911.4862158,731,297,4845.4929391
299,9.293239635522509,0.03940254742050765,12.5,1772717926.3095124,250,298,4860.3156807
300,11.126107311901976,0.038577842939613305,12.5,1772717941.0595155,250,299,4875.0646305
301,12.756745270419051,0.03821130761477137,12.450000000000001,1772717955.7738798,249,300,4889.7799435
302,13.078021571438942,0.038577842939613305,12.5,1772717970.5297353,250,301,4904.5342454
303,10.844244993157004,0.03775313845871896,12.4,1772717985.1953268,248,302,4919.1992867
304,12.926246485385684,0.03839457527719234,16.5,1772718003.9509747,330,303,4937.9542314
305,14.20502661086979,0.05534683405113168,20.200000000000003,1772718026.4187794,404,304,4960.421194
306,13.6659965208604,0.04013561807019152,12.65,1772718041.3551698,253,305,4975.3570236
307,9.72610028087552,0.04123522404471731,17.35,1772718060.9576259,347,306,4994.9587447
308,12.467269807449014,0.039219279758086686,18.75,1772718081.9751475,375,307,5015.9754768
309,14.762016959779977,0.04224319618803262,13.9,1772718098.1513374,278,308,5032.1510626
310,13.050051885066535,0.03866947677082379,12.3,1772718112.7042155,246,309,5046.7038951
311,12.82274960818498,0.03821130761477137,12.600000000000001,1772718127.5686004,252,310,5061.5672205
312,11.737505008812583,0.04013561807019152,12.4,1772718142.218479,248,311,5076.2165506
313,12.229113665419534,0.04242646385045359,16.45,1772718160.9166627,329,312,5094.9140334
314,12.635231832297736,0.03729496930266654,12.950000000000001,1772718176.1327007,259,313,5110.1290005
315,11.917183993163292,0.0359204618345093,12.850000000000001,1772718191.3134053,257,314,5125.309635
316,12.367113187450446,0.042701365344085036,12.850000000000001,1772718206.46077,257,315,5140.4564342
317,126.26257047466135,0.3989737010904426,45.1,1772718253.838672,902,316,5187.8320577
318,14.08384063360999,0.041510125538348756,12.8,1772718268.9770346,256,317,5202.9703523
319,14.511838948051969,0.04306790066892697,12.950000000000001,1772718284.1852398,259,318,5218.1779878
320,14.777438830578314,0.0439842389810318,13.200000000000001,1772718299.6355793,264,319,5233.6276207
321,35.51179300598221,0.11243471089526252,22.05,1772718323.9385843,441,320,5257.9298409
322,13.311781794257245,0.03940254742050765,12.600000000000001,1772718338.809233,252,321,5272.7999324
323,13.714173867899722,0.04077705488866489,12.600000000000001,1772718353.6560373,252,322,5287.6461417
324,12.830610023785857,0.043526069824979384,15.350000000000001,1772718371.2803147,307,323,5305.2692965
325,12.310581039238196,0.04260973151287455,12.850000000000001,1772718386.403311,257,324,5320.3922257
326,14.085828666886522,0.041785027031980206,12.65,1772718401.3053243,253,325,5335.293765
327,12.225203490546019,0.04242646385045359,12.8,1772718416.356075,256,326,5350.3438714
328,12.158111718837247,0.04187666086319069,12.600000000000001,1772718431.2112403,252,327,5365.1984753
329,13.853259003218673,0.04077705488866489,12.5,1772718445.9590294,250,328,5379.9462107
330,14.505831895190479,0.04242646385045359,13.55,1772718461.7607298,271,329,5395.7473172
331,258.3357434261218,0.79886374049299,77.80000000000001,1772718541.816489,1556,330,5475.7995767
332,14.119218624441254,0.04169339320076972,14.15,1772718558.3894398,283,331,5492.3719112
333,13.9070110079762,0.04077705488866489,16.95,1772718577.5921307,339,332,5511.5738748
334,132.82627563948148,0.4006231100522313,50.2,1772718630.0585203,1004,333,5564.038298
335,12.216921650712477,0.042059928525611655,12.700000000000001,1772718645.1274977,254,334,5579.1062104
336,12.704756305806344,0.04361770365618987,13.0,1772718660.3840256,260,335,5594.3626656
337,128.51158753282954,0.3995235040777055,45.45,1772718708.0874078,909,336,5642.0642598
338,14.171148900399425,0.04224319618803262,12.8,1772718723.220352,256,337,5657.1966356
339,127.4163884070765,0.40337212498854574,40.2,1772718765.6981366,804,338,5699.6728274
340,125.85735126574323,0.40199761752038854,42.050000000000004,1772718810.1151903,841,339,5744.0882153
341,123.12308487792033,0.40456336479428207,45.75,1772718858.2026277,915,340,5792.1733497
342,131.42361393318694,0.40355539265096674,40.95,1772718901.521387,819,341,5835.4914987
343,14.670104586602895,0.043251168331347935,17.8,1772718921.671656,356,342,5855.6404983
344,13.8932124856803,0.040868688719875375,17.0,1772718940.937155,340,343,5874.9052719
345,129.69732047480423,0.4032804911573353,40.5,1772718983.7268755,810,344,5917.6938899
346,129.08313226231294,0.40153944836433614,40.85,1772719026.906105,817,345,5960.8710007
347,127.88856581531948,0.3998900394025474,46.300000000000004,1772719075.570594,926,346,6009.5331651
348,122.78949450563721,0.3797305965362412,37.85,1772719115.8231902,757,347,6049.7847505
349,213.30817589821777,0.6522496105562173,57.25,1772719175.4229348,1145,348,6109.3822636
350,14.240588396696296,0.041785027031980206,12.200000000000001,1772719190.017032,244,349,6123.9758111
351,129.40303713305693,0.40438009713186107,42.95,1772719235.2212045,859,350,6169.1782895
352,1.177076932832166,0.0027490149363144875,9.65,1772719247.2754622,193,351,6181.2320941
353,1.178167585244978,0.0027490149363144875,9.65,1772719259.1718435,193,352,6193.1280302
354,1.1778188211459606,0.0027490149363144875,9.65,1772719271.0710223,193,353,6205.0267632
355,-2.7972953635423377,0.00284064876752497,9.65,1772719283.0013514,193,354,6216.9566446
356,1.4384629023986797,0.009713186108311189,10.3,1772719295.5574384,206,355,6229.5122657
357,-0.8269454933002973,0.0027490149363144875,9.65,1772719307.51159,193,356,6241.4659635
358,-2.769816422763579,0.002932282598735453,9.700000000000001,1772719319.46576,194,357,6253.4196827
359,1.1784457777538868,0.0027490149363144875,9.65,1772719331.365667,193,358,6265.3191457
360,1.1747199575896492,0.0027490149363144875,9.65,1772719343.258814,193,359,6277.2123467
361,1.1784669736332465,0.0027490149363144875,9.65,1772719355.1555138,193,360,6289.1081002
362,-0.82305575101842,0.0027490149363144875,9.65,1772719367.062544,193,361,6301.014687
363,1.2368862571933101,0.002932282598735453,9.600000000000001,1772719378.918113,192,362,6312.869808
364,0.9625164089130345,0.00815541097773298,10.0,1772719391.1651268,200,363,6325.1168633
365,1.1767390769869248,0.0027490149363144875,9.65,1772719403.0794132,193,364,6337.0302006
366,1.1776835937311252,0.0027490149363144875,9.65,1772719414.9837086,193,365,6348.9340582
367,-0.8265649978522203,0.0027490149363144875,9.65,1772719426.8830204,193,366,6360.8324169
368,1.2109558796607556,0.002932282598735453,9.9,1772719439.024252,198,367,6372.9736935
369,-0.7671719378327504,0.002932282598735453,9.700000000000001,1772719450.9701445,194,368,6384.9186381
370,-0.19545318353343763,0.004673325391734628,9.9,1772719463.121364,198,369,6397.0698532
371,-0.8251852413909881,0.0027490149363144875,9.65,1772719475.0190287,193,370,6408.96712
372,-0.5266424154368278,0.0036653532484193165,9.8,1772719487.0584342,196,371,6421.0060757
373,2.0215323068246374,0.005314762210208009,9.8,1772719499.100142,196,372,6433.0473333
374,1.1939144246573068,0.00284064876752497,9.950000000000001,1772719511.2816448,199,373,6445.2283762
375,1.3522309235554202,0.0032988179235773846,9.75,1772719523.2619014,195,374,6457.2081847
376,-0.8258933716408543,0.0027490149363144875,9.65,1772719535.1583931,193,375,6469.1042258
377,1.5912420064134307,0.004031888573261248,9.75,1772719547.1521618,195,376,6481.0970485
378,2.0182236170178176,0.005314762210208009,9.850000000000001,1772719559.2502143,197,377,6493.1951474
379,-0.12421957301723294,0.004856593054155594,9.8,1772719571.2860692,196,378,6505.2300508
380,-0.07943050136641341,0.00503986071657656,9.9,1772719583.430182,198,379,6517.3742076
381,-0.8249906138244829,0.0027490149363144875,9.65,1772719595.3286834,193,380,6529.2724253
382,1.4429661793508262,0.0035737194172088334,9.75,1772719607.3125024,195,381,6541.2551329
383,-0.8244470779050919,0.0027490149363144875,9.65,1772719619.2050874,193,382,6553.1477722
384,1.173457359261591,0.0027490149363144875,9.65,1772719631.085566,193,383,6565.0283043
385,1.1783414179208185,0.0027490149363144875,9.65,1772719642.9742377,193,384,6576.9160299
386,1.1758468508630378,0.0027490149363144875,9.65,1772719654.8637466,193,385,6588.8050954
387,1.2142501028410921,0.002932282598735453,9.9,1772719667.0092232,198,386,6600.9501164
388,1.3274081165505185,0.003207184092366902,9.700000000000001,1772719678.952495,194,387,6612.8924392
389,-2.067228729136467,0.00503986071657656,9.8,1772719690.9824886,196,388,6624.9224814
390,1.1773696312164974,0.0027490149363144875,9.65,1772719702.8655262,193,389,6636.8050745
391,1.2047898662982262,0.00284064876752497,9.700000000000001,1772719714.7957082,194,390,6648.7348085
392,1.1771068503086477,0.0027490149363144875,9.65,1772719726.6872373,193,391,6660.6258913
393,1.1757356673689678,0.0027490149363144875,9.65,1772719738.56844,193,392,6672.5066488
394,2.2655400958402674,0.0013745074681572437,16.35,1772719757.2018483,327,393,6691.1393582
395,1.2641462121422509,0.0009163383121048291,9.600000000000001,1772719769.0678484,192,394,6703.0049134
396,1.2580267927505409,0.0009163383121048291,9.65,1772719780.961855,193,395,6714.8979738
397,1.3317877370335764,0.0008247044808943462,9.450000000000001,1772719792.656897,189,396,6726.5930788
398,0.17442224711696347,0.0035737194172088334,9.850000000000001,1772719804.7352254,197,397,6738.6709553
399,1.2645093982278226,0.0009163383121048291,9.55,1772719816.5235105,191,398,6750.4587959
400,1.242699118196969,0.0008247044808943462,9.450000000000001,1772719828.216432,189,399,6762.1507787
401,1.256856458798155,0.0008247044808943462,9.450000000000001,1772719839.9240973,189,400,6773.8585045
402,1.241748460646806,0.0008247044808943462,9.450000000000001,1772719851.6077476,189,401,6785.5412172
403,1.253803574631414,0.0008247044808943462,9.450000000000001,1772719863.2879577,189,402,6797.2214892
404,1.3782303221705219,0.0008247044808943462,9.450000000000001,1772719874.9852498,189,403,6808.9183412
405,1.2506181940253494,0.0008247044808943462,9.450000000000001,1772719886.672689,189,404,6820.6048435
406,1.4281574785540894,0.0012828736369467607,9.450000000000001,1772719898.3498006,189,405,6832.2825192
407,1.5985987758400197,0.0018326766242096582,9.55,1772719910.1475513,191,406,6844.0793283
408,1.6529319667604394,0.002015944286630624,9.75,1772719922.1329293,195,407,6856.0642607
409,1.258803237713248,0.0008247044808943462,9.450000000000001,1772719933.813327,189,408,6867.7442146
410,1.2782623131133262,0.0009163383121048291,9.55,1772719945.6064503,191,409,6879.536395
411,1.268343849479944,0.0009163383121048291,9.55,1772719957.3934877,191,410,6891.3234894
412,1.2597433240020535,0.0008247044808943462,9.450000000000001,1772719969.082174,189,411,6903.0117379
413,1.5829065722346167,0.0018326766242096582,9.600000000000001,1772719980.918853,192,412,6914.8479735
414,1.4887611428323317,0.0008247044808943462,9.600000000000001,1772719992.7560022,192,413,6926.6841787
415,1.277203158294084,0.0009163383121048291,9.600000000000001,1772720004.5888996,192,414,6938.5171336
416,1.2538595773549384,0.0008247044808943462,9.450000000000001,1772720016.2725587,189,415,6950.2003531
417,1.5894149519957572,0.0008247044808943462,9.450000000000001,1772720027.955751,189,416,6961.8826074
418,1.2442670093816146,0.0008247044808943462,9.450000000000001,1772720039.6369328,189,417,6973.5638507
419,0.04818533918908889,0.003207184092366902,9.65,1772720051.5277126,193,418,6985.454185
420,1.2895889061777939,0.0009163383121048291,9.5,1772720063.2590919,190,419,6997.1851271
421,1.2645711223901177,0.0008247044808943462,9.450000000000001,1772720074.9589243,189,420,7008.8845181
422,1.2773433185225114,0.0009163383121048291,9.600000000000001,1772720086.801455,192,421,7020.7266048
423,1.281225658069629,0.0009163383121048291,9.450000000000001,1772720098.488935,189,422,7032.4136452
424,1.3016158116683096,0.0009163383121048291,9.450000000000001,1772720110.1748893,189,423,7044.0996681
425,1.4271918191013488,0.0013745074681572437,9.600000000000001,1772720122.0249703,192,424,7055.9488013
426,1.286640301047169,0.0009163383121048291,9.5,1772720133.7674432,190,425,7067.6908315
427,1.264907093975018,0.0009163383121048291,9.55,1772720145.5460658,191,426,7079.469014
428,2.286761027511675,0.004031888573261248,9.950000000000001,1772720157.72523,199,427,7091.6472247
429,1.2437677894035746,0.0008247044808943462,9.450000000000001,1772720169.4047291,189,428,7103.3263067
430,1.290047810750928,0.0009163383121048291,9.600000000000001,1772720181.2362304,192,429,7115.1573856
431,1.2598079369306345,0.0009163383121048291,9.65,1772720193.1156757,193,430,7127.0364067
432,1.2523328785358332,0.0008247044808943462,9.450000000000001,1772720204.8068736,189,431,7138.727687
433,1.2685038560583357,0.0009163383121048291,9.600000000000001,1772720216.7511826,192,432,7150.6715702
434,13.453730577958844,0.007330706496838633,81.45,1772720300.5396426,1629,433,7234.4565387
435,8.05764551530683,0.004306790066892697,51.45,1772720354.5751033,1029,434,7288.4905705
436,9.005827417447815,0.004856593054155594,54.650000000000006,1772720411.5810254,1093,435,7345.4944569
437,12.43759364612978,0.00568129753504994,77.85000000000001,1772720491.7966228,1557,436,7425.707191
438,1.3102969205286756,0.0006414368184733803,9.600000000000001,1772720503.7724352,192,437,7437.6825769
439,14.019575680146152,0.007055805003207184,84.30000000000001,1772720590.3228106,1686,438,7524.2298615
440,2.7116165184119914,0.0008247044808943462,16.6,1772720609.3616328,332,439,7543.2680025
441,5.838101831843534,0.003207184092366902,39.550000000000004,1772720651.167258,791,440,7585.0716369
442,10.360426373161118,0.0069641711719967015,63.300000000000004,1772720716.816615,1266,441,7650.7186502
443,12.238396075179582,0.041785027031980206,12.450000000000001,1772720731.6502259,249,442,7665.5522314
444,14.293702548233043,0.04187666086319069,14.450000000000001,1772720748.3385158,289,443,7682.239907
445,14.373103032238658,0.042334830019243104,12.65,1772720763.2444599,253,444,7697.1448373
446,14.652690228058365,0.04315953450013745,20.0,1772720785.491534,400,445,7719.3916171
447,14.498659135807502,0.04260973151287455,13.75,1772720801.522625,275,446,7735.421636
448,14.009511481204196,0.04105195638229634,12.3,1772720816.0663548,246,447,7749.9653465
449,14.189703863833389,0.041510125538348756,12.15,1772720830.459814,243,448,7764.3587909
450,12.501534968467897,0.04260973151287455,15.55,1772720848.2450156,311,449,7782.1433583
451,12.192069075672508,0.041510125538348756,12.15,1772720862.6460426,243,450,7796.5428715
452,14.518644697226174,0.04279299917529552,20.1,1772720884.9876254,402,451,7818.8836567
453,14.51235565666362,0.04260973151287455,15.25,1772720902.4943051,305,452,7836.3902115
454,12.412475053781868,0.04224319618803262,13.200000000000001,1772720917.9362462,264,453,7851.8316027
455,14.188725334777413,0.041510125538348756,12.200000000000001,1772720932.3720348,244,454,7866.2668747
456,14.25436722442748,0.041785027031980206,12.600000000000001,1772720947.2065332,252,455,7881.1003431
457,14.466789905171703,0.04242646385045359,14.65,1772720964.0928915,293,456,7897.9860986
458,14.494448659082282,0.04260973151287455,14.9,1772720981.2552314,298,457,7915.1483264
459,14.380441333573575,0.04215156235682214,14.100000000000001,1772720997.5967972,282,458,7931.489308
460,14.197564000689182,0.04160175936955924,12.200000000000001,1772721012.054608,244,459,7945.9466034
461,14.67806206624216,0.04315953450013745,17.55,1772721031.8436618,351,460,7965.735452
462,12.21512508168993,0.04169339320076972,12.25,1772721046.3785188,245,461,7980.2692895
463,12.513904007627168,0.04260973151287455,15.100000000000001,1772721063.708559,302,462,7997.5987141
464,14.18273224082345,0.041510125538348756,12.15,1772721078.098614,243,463,8011.9882513
465,14.629654273698065,0.04306790066892697,23.1,1772721103.519944,462,464,8037.4086763
466,137.16684747060467,0.40456336479428207,77.15,1772721182.9839685,1543,465,8116.8693612
467,137.3565777743507,0.40456336479428207,74.5,1772721259.8435655,1490,466,8193.7267155
468,139.35388680959147,0.40456336479428207,75.60000000000001,1772721337.808334,1512,467,8271.6886993
469,14.152857120778366,0.04141849170713827,12.4,1772721352.584922,248,468,8286.4642602
470,135.11979377384264,0.40456336479428207,78.2,1772721433.021638,1564,469,8366.898605
471,14.236342663351339,0.04169339320076972,17.25,1772721452.6605265,345,470,8386.536793
472,135.77204093843648,0.40447173096307154,73.8,1772721528.7277136,1476,471,8462.6012642
473,15.08903057933455,0.04490057729313662,19.200000000000003,1772721550.3217025,384,472,8484.1944809
474,139.66924215344568,0.40465499862549253,129.05,1772721681.6250691,2581,473,8615.4931595
475,139.46961376383624,0.40456336479428207,125.25,1772721809.3449917,2505,474,8743.2085225
476,139.2989318853794,0.40456336479428207,130.65,1772721942.5238252,2613,475,8876.3826026
477,135.34321906955847,0.4032804911573353,57.150000000000006,1772722002.419912,1143,476,8936.2770528
478,14.406696249051128,0.04224319618803262,13.55,1772722018.4109302,271,477,8952.2669977
479,14.187027217391847,0.041510125538348756,12.15,1772722032.8231418,243,478,8966.6786957
480,14.187370583099163,0.041510125538348756,12.15,1772722047.2270777,243,479,8981.0821171
481,12.229780905819116,0.04169339320076972,12.15,1772722061.615405,243,480,8995.4699305
482,12.407732214055153,0.04224319618803262,14.450000000000001,1772722078.2990475,289,481,9012.1529799
483,12.186542831363619,0.041510125538348756,12.200000000000001,1772722092.7463665,244,482,9026.5992807
484,14.192081047734241,0.041510125538348756,12.15,1772722107.129009,243,483,9040.9819101
485,14.230040808148674,0.04169339320076972,12.15,1772722121.518343,243,484,9055.3707303
486,12.225538256582674,0.04169339320076972,12.15,1772722135.910683,243,485,9069.7627323
487,14.190449369482632,0.041510125538348756,12.15,1772722150.2977808,243,486,9084.1491401
488,14.185223531142432,0.041510125538348756,12.15,1772722164.6850219,243,487,9098.535869
489,14.255203294133448,0.041785027031980206,12.25,1772722179.1786478,245,488,9113.0289816
490,12.232621823890698,0.04169339320076972,12.15,1772722193.5632403,243,489,9127.4125554
491,12.475136615458963,0.04251809768166407,15.200000000000001,1772722211.0027184,304,490,9144.8519156
492,14.233283436933382,0.04169339320076972,12.15,1772722225.4231114,243,491,9159.2717895
493,14.186316073947339,0.041510125538348756,12.15,1772722239.8115218,243,492,9173.6596856
494,14.187367761343578,0.041510125538348756,12.200000000000001,1772722254.2502744,244,493,9188.097423
495,14.192554209397994,0.041510125538348756,12.15,1772722268.6369398,243,494,9202.4840746
496,14.51795806374711,0.04260973151287455,14.5,1772722285.3704174,290,495,9219.217153
497,14.258534618288321,0.04187666086319069,12.5,1772722300.110556,250,496,9233.9560674
498,14.239958915377178,0.041785027031980206,12.200000000000001,1772722314.5464184,244,497,9248.3914145
499,14.20782713626838,0.04160175936955924,12.3,1772722329.0830548,246,498,9262.928032
500,14.188452922361492,0.041510125538348756,12.15,1772722343.4687495,243,499,9277.3132139
501,12.192085873307754,0.041510125538348756,12.15,1772722357.857903,243,500,9291.7018531
502,14.219308493287766,0.04169339320076972,12.55,1772722372.6518853,251,501,9306.4953111
503,14.194171708336413,0.041510125538348756,12.15,1772722387.050039,243,502,9320.8929471
504,12.191294260525401,0.041510125538348756,12.15,1772722401.4779165,243,503,9335.3198091
505,12.413565032250345,0.04224319618803262,13.600000000000001,1772722417.3224044,272,504,9351.1642311
506,14.191406295733833,0.041510125538348756,12.15,1772722431.709947,243,505,9365.5517609
507,12.192067490580985,0.041510125538348756,12.15,1772722446.1027422,243,506,9379.9430418
508,14.228077834856595,0.04169339320076972,12.15,1772722460.4884017,243,507,9394.3286874
509,12.191134754894833,0.041510125538348756,12.15,1772722474.8717427,243,508,9408.7115189
510,14.192508660847874,0.041510125538348756,12.15,1772722489.2570503,243,509,9423.0958093
511,14.191731888219897,0.041510125538348756,12.15,1772722503.647948,243,510,9437.4866957
512,14.23359442253188,0.04169339320076972,12.15,1772722518.0371497,243,511,9451.8753812
513,12.233277845636614,0.04169339320076972,12.15,1772722532.433555,243,512,9466.2712727
514,12.186190150327308,0.041510125538348756,12.15,1772722546.8233573,243,513,9480.6605617
515,12.192060911730385,0.041510125538348756,12.15,1772722561.2159865,243,514,9495.0521763
516,14.19491121526879,0.041510125538348756,12.15,1772722575.601542,243,515,9509.4372182
517,14.246843555844727,0.041785027031980206,12.25,1772722590.0937476,245,516,9523.9289068
518,12.233229715151817,0.04169339320076972,12.15,1772722604.4780462,243,517,9538.3131929
519,14.192085873307754,0.041510125538348756,12.15,1772722618.8692153,243,518,9552.7033469
520,14.192074409560854,0.041510125538348756,12.15,1772722633.258532,243,519,9567.0921502
521,14.191607298768979,0.041510125538348756,12.15,1772722647.6542876,243,520,9581.4888905
522,14.188310296842703,0.041510125538348756,12.3,1772722662.200937,246,521,9596.0340228
523,14.213704933040718,0.04160175936955924,12.4,1772722676.8576941,248,522,9610.6902559
524,14.190225955223164,0.041510125538348756,12.15,1772722691.2543051,243,523,9625.0863538
525,12.232327455633726,0.04169339320076972,12.15,1772722705.6412258,243,524,9639.4722597
526,14.231268968763239,0.04169339320076972,12.15,1772722720.0367203,243,525,9653.8672403
527,14.18501774653959,0.041510125538348756,12.200000000000001,1772722734.4756606,244,526,9668.3061665
528,12.191186591910338,0.041510125538348756,12.15,1772722748.870143,243,527,9682.7001337
529,14.192598125771157,0.041510125538348756,12.15,1772722763.2562358,243,528,9697.0857167
530,14.195350567283649,0.041510125538348756,12.15,1772722777.6488411,243,529,9711.4778094
531,14.195178473164074,0.041510125538348756,12.15,1772722792.0928636,243,530,9725.9213093
532,128.39375886318123,0.40447173096307154,59.900000000000006,1772722854.2957544,1198,531,9788.1214815
533,14.188301188475727,0.041510125538348756,12.15,1772722868.8263662,243,532,9802.6515744
534,12.192060911730385,0.041510125538348756,12.15,1772722883.2268736,243,533,9817.0515676
535,12.189384103389774,0.041510125538348756,12.15,1772722897.6149204,243,534,9831.4396059
536,12.230911368618177,0.04169339320076972,12.15,1772722912.0017736,243,535,9845.8254405
537,12.188030625299602,0.041510125538348756,12.15,1772722926.3914793,243,536,9860.2151365
538,14.19399906998648,0.041510125538348756,12.15,1772722940.7754977,243,537,9874.5986371
539,112.35099568282997,0.35416475762851646,48.1,1772722991.1130772,962,538,9924.9349209
540,14.187020602686392,0.041510125538348756,12.15,1772723005.5958447,243,539,9939.4166741
541,14.228337932445989,0.04169339320076972,12.15,1772723019.9870849,243,540,9953.8073969
542,12.188520488771955,0.041510125538348756,12.15,1772723034.3710434,243,541,9968.1908446
543,14.185069209607423,0.041510125538348756,12.15,1772723048.7792795,243,542,9982.5985646
544,12.190504099814449,0.041510125538348756,12.15,1772723063.166334,243,543,9996.9851082
545,14.190871388142693,0.041510125538348756,12.15,1772723077.5587907,243,544,10011.3765471
546,14.225824181020595,0.04169339320076972,12.15,1772723091.947289,243,545,10025.7655422
547,135.34885874474315,0.4037386603133877,55.45,1772723149.6388302,1109,546,10083.4540133
548,14.18770446079533,0.041510125538348756,12.15,1772723164.1085732,243,547,10097.9237436
549,14.232827496333773,0.04169339320076972,12.15,1772723178.4964752,243,548,10112.3106281
550,14.193818260022782,0.041510125538348756,12.15,1772723192.8850884,243,549,10126.6992274
551,14.196614589277772,0.041510125538348756,12.15,1772723207.2729046,243,550,10141.0860304
552,14.19366890075919,0.041510125538348756,12.15,1772723221.6630604,243,551,10155.4761724
553,12.162534188469397,0.041510125538348756,22.200000000000003,1772723246.1189187,444,552,10179.9311575
554,138.90603789908027,0.4032804911573353,135.75,1772723384.1383743,2715,553,10317.9456894
555,12.220140514044555,0.041785027031980206,22.75,1772723409.5458481,455,554,10343.3522552
556,135.0165587545056,0.40456336479428207,137.95000000000002,1772723549.7758791,2759,555,10483.5767774
557,139.0415517491462,0.40456336479428207,136.05,1772723688.4610362,2721,556,10622.2574832
558,15.007941041917384,0.044442408137084215,24.3,1772723715.5601332,486,557,10649.3556138
559,15.240129062262586,0.04517547878676807,25.150000000000002,1772723744.3364763,503,558,10678.130429
560,14.962552671484222,0.04435077430587373,23.950000000000003,1772723770.5732427,479,559,10704.366775
561,15.134890316769086,0.04490057729313662,26.55,1772723799.3930244,531,560,10733.1855587
562,15.4070461006284,0.04572528177403097,28.05,1772723829.7080443,561,561,10763.4995288
563,138.98972381371036,0.40456336479428207,139.05,1772723971.0384402,2781,562,10904.8245368
564,15.605533302832619,0.04636671859250435,30.150000000000002,1772724003.716847,603,563,10937.5023108
565,14.693967185699385,0.04334280216255842,24.35,1772724030.3713164,487,564,10964.1553601
566,15.095800759861785,0.051406579309080914,42.25,1772724074.8810823,845,565,11008.664091
567,15.410356366504132,0.04572528177403097,30.650000000000002,1772724107.831535,613,566,11041.6133981
568,14.746788750019936,0.043526069824979384,24.200000000000003,1772724134.3180726,484,567,11068.0990203
569,15.17298351483752,0.04535874644918904,25.950000000000003,1772724162.5507128,519,568,11096.330683
570,16.272487000868217,0.049024099697608355,41.75,1772724206.6680565,835,569,11140.4470023
571,16.291508582092497,0.049024099697608355,37.800000000000004,1772724246.7702374,756,570,11180.5472946
572,16.197826303494107,0.04884083203518739,48.85,1772724297.9166176,977,571,11231.6914043
573,16.222664545653185,0.04884083203518739,38.2,1772724338.444906,764,572,11272.2182902
574,16.29174445685931,0.049024099697608355,37.75,1772724378.4933412,755,573,11312.2653397
575,16.10542886789187,0.04838266287913498,33.85,1772724414.647612,677,574,11348.4188597
576,16.359931478394117,0.049299001191239804,45.550000000000004,1772724462.5044541,911,575,11396.2740464
577,16.283352633841123,0.049024099697608355,40.6,1772724505.4646761,812,576,11439.2322813
578,16.28243487843295,0.049024099697608355,40.400000000000006,1772724548.1731627,808,577,11481.9397896
579,136.87560237322828,0.40456336479428207,139.70000000000002,1772724690.2818036,2794,578,11624.043014
580,138.78403581072575,0.40456336479428207,139.35,1772724832.216199,2787,579,11765.973
581,14.836761524443943,0.04380097131861083,25.05,1772724859.8078687,501,580,11793.5637133
582,14.569838540841614,0.042976266837716486,23.8,1772724885.9009743,476,581,11819.6559206
583,138.8795651032975,0.40456336479428207,139.0,1772725027.171007,2780,582,11960.9205614
584,15.530080247091828,0.046183450930083386,31.35,1772725061.096469,627,583,11994.8453494
585,14.714769446815264,0.043526069824979384,24.05,1772725087.4590178,481,584,12021.206986
586,15.538867895152743,0.04636671859250435,30.85,1772725120.589111,617,585,12054.3359317
587,15.106734637719464,0.04471730963071566,25.0,1772725147.866949,500,586,12081.6128275
588,15.636822248978426,0.0466416200861358,25.25,1772725175.3839774,505,587,12109.1289041
589,14.777739116319607,0.04380097131861083,24.05,1772725201.7064798,481,588,12135.4504959
590,15.918741029306092,0.04755795839824063,28.5,1772725232.476542,570,589,12166.219494
591,14.801853505312911,0.043892605149821316,24.400000000000002,1772725259.16693,488,590,12192.9089574
592,138.90984868481766,0.40456336479428207,139.6,1772725401.033872,2792,591,12334.7704905
593,13.091300878740043,0.04490057729313662,25.150000000000002,1772725429.2708666,503,592,12363.0070081
594,14.19483982593322,0.041510125538348756,12.15,1772725443.75346,243,593,12377.4890998
595,14.183825655734365,0.041510125538348756,12.200000000000001,1772725458.2585764,244,594,12391.9937142
596,14.190538742433667,0.041510125538348756,12.15,1772725472.6828535,243,595,12406.4174934
597,12.192776261267788,0.041510125538348756,12.15,1772725487.0827286,243,596,12420.8168727
598,14.191617377147013,0.041510125538348756,12.15,1772725501.479933,243,597,12435.2135754
599,12.231859807740788,0.04169339320076972,12.15,1772725515.8773017,243,598,12449.6099467
600,12.187982629191541,0.041510125538348756,12.15,1772725530.278643,243,599,12464.0107896
601,12.19536382511248,0.041510125538348756,12.15,1772725544.6625464,243,600,12478.3951962
602,14.18981372242945,0.041510125538348756,12.15,1772725559.0564747,243,601,12492.7881258
603,12.234910871726417,0.04169339320076972,12.15,1772725573.4393787,243,602,12507.1705318
604,14.186950331606464,0.041510125538348756,12.15,1772725587.82705,243,603,12521.5577057
605,14.185539075452459,0.041510125538348756,12.15,1772725602.2150416,243,604,12535.9451987
606,12.232787335719756,0.04169339320076972,12.15,1772725616.6016564,243,605,12550.3313118
607,14.19237724059547,0.041510125538348756,12.15,1772725630.9982576,243,606,12564.7269194
608,12.185531320262426,0.041510125538348756,12.15,1772725645.3992856,243,607,12579.127449
609,14.184727834965413,0.041510125538348756,12.15,1772725659.7882788,243,608,12593.5164444
610,14.227153524271156,0.04169339320076972,12.15,1772725674.1745803,243,609,12607.9017482
611,14.190646701399853,0.041510125538348756,12.15,1772725688.5631719,243,610,12622.2903415
612,14.19127903664841,0.041510125538348756,12.15,1772725702.9544153,243,611,12636.6810888
613,12.184453889962604,0.041510125538348756,12.15,1772725717.3526998,243,612,12651.0788749
614,14.190807121790085,0.041510125538348756,12.15,1772725731.7546227,243,613,12665.4802979
615,12.182537784526652,0.041510125538348756,12.15,1772725746.1417558,243,614,12679.8668546
616,14.188429858432935,0.041510125538348756,12.15,1772725760.5288215,243,615,12694.2532498
617,14.187730676146746,0.041510125538348756,12.15,1772725774.915047,243,616,12708.6388066
618,14.193218682578365,0.041510125538348756,12.15,1772725789.3033729,243,617,12723.0264594
619,14.189963302847406,0.041510125538348756,12.15,1772725803.6959035,243,618,12737.4183204
620,14.228276187991327,0.04169339320076972,12.15,1772725818.0872896,243,619,12751.8095351
621,14.192061745036053,0.041510125538348756,12.15,1772725832.483156,243,620,12766.2037303
622,12.192074409560854,0.041510125538348756,12.15,1772725846.871846,243,621,12780.5922496
623,12.192074409560854,0.041510125538348756,12.15,1772725861.273439,243,622,12794.9926719
624,14.193808953875036,0.041510125538348756,12.15,1772725875.6791134,243,623,12809.397675
625,14.197177325524065,0.041510125538348756,12.15,1772725890.0656834,243,624,12823.7840743
626,14.229816615149142,0.04169339320076972,12.15,1772725904.456559,243,625,12838.1737794
627,14.191955496797794,0.041510125538348756,12.15,1772725918.8411999,243,626,12852.5577499
628,14.191740513438084,0.041510125538348756,12.15,1772725933.2245674,243,627,12866.9409468
629,14.228659125574561,0.04169339320076972,12.15,1772725947.6103604,243,628,12881.3260692
630,12.188967255753928,0.041510125538348756,12.15,1772725961.9999487,243,629,12895.7149875
631,12.187794756407246,0.041510125538348756,12.15,1772725976.400259,243,630,12910.114127
632,14.194770531241435,0.041510125538348756,12.15,1772725990.7896788,243,631,12924.503376
633,14.188447480793236,0.041510125538348756,12.15,1772726005.1857748,243,632,12938.8988012
634,14.192412373989026,0.041510125538348756,12.15,1772726019.5902975,243,633,12953.3026526
635,14.192074409560854,0.041510125538348756,12.15,1772726033.9787643,243,634,12967.690521
636,14.1943159517038,0.041510125538348756,12.15,1772726048.3727603,243,635,12982.0837739
637,14.190187376381715,0.041510125538348756,12.15,1772726062.7704306,243,636,12996.4802735
638,14.194096502260246,0.041510125538348756,12.15,1772726077.1784744,243,637,13010.8876461
639,12.233277845636614,0.04169339320076972,12.15,1772726091.5639298,243,638,13025.2729339
640,12.421495491228482,0.04224319618803262,12.450000000000001,1772726106.2474856,249,639,13039.9558043
641,14.190692932219783,0.041510125538348756,12.15,1772726120.6375616,243,640,13054.3452082
642,12.230999565567032,0.04169339320076972,12.15,1772726135.0229213,243,641,13068.7293973
643,14.190798618846577,0.041510125538348756,12.15,1772726149.4120452,243,642,13083.1183495
644,12.193834672879523,0.041510125538348756,12.15,1772726163.8147638,243,643,13097.5203821
645,14.232640847618905,0.04169339320076972,12.15,1772726178.2058907,243,644,13111.9103544
646,14.193838507362258,0.041510125538348756,12.15,1772726192.5923598,243,645,13126.2966535
647,14.225524551950581,0.04169339320076972,12.200000000000001,1772726207.0462036,244,646,13140.7498234
648,12.192060911730385,0.041510125538348756,12.15,1772726221.4489996,243,647,13155.1519494
649,14.190641781897535,0.041510125538348756,12.15,1772726235.838693,243,648,13169.5409701
650,14.233258167888312,0.04169339320076972,12.15,1772726250.2321906,243,649,13183.9337977
651,14.188760711490067,0.041510125538348756,12.15,1772726264.6381037,243,650,13198.3395428
652,12.230953706832373,0.04169339320076972,12.15,1772726279.0296173,243,651,13212.7293827
653,14.193826422442424,0.041510125538348756,12.15,1772726293.4196675,243,652,13227.1187622
654,14.194598801572692,0.041510125538348756,12.15,1772726307.8592012,243,653,13241.5582724
655,12.226910592521959,0.04169339320076972,12.15,1772726322.267596,243,654,13255.9668463
656,12.176210651525878,0.041510125538348756,12.15,1772726336.7075987,243,655,13270.4046763
657,14.188918669732129,0.041510125538348756,12.15,1772726351.0991406,243,656,13284.7960512
658,14.191222206796562,0.041510125538348756,12.15,1772726365.4838002,243,657,13299.1795366
659,12.187345997793662,0.041510125538348756,12.15,1772726379.883041,243,658,13313.5781067
660,14.22658180629228,0.04169339320076972,12.15,1772726394.2700894,243,659,13327.9649841
661,12.192060911730385,0.041510125538348756,12.15,1772726408.6585772,243,660,13342.3523019
662,14.192057486802318,0.041510125538348756,12.15,1772726423.0648103,243,661,13356.7583685
663,12.18973315110881,0.041510125538348756,12.15,1772726437.4609613,243,662,13371.1533437
664,14.1828469047788,0.041510125538348756,12.15,1772726451.844519,243,663,13385.5367311
665,12.228987774661016,0.04169339320076972,12.15,1772726466.236863,243,664,13399.9279046
666,14.195364896259237,0.041510125538348756,12.15,1772726480.6265316,243,665,13414.3169027
667,12.227166558606816,0.04169339320076972,12.15,1772726495.014293,243,666,13428.7044932
668,14.192311070173167,0.041510125538348756,12.15,1772726509.4083567,243,667,13443.0978846
669,14.188295394506937,0.041510125538348756,12.15,1772726523.7904887,243,668,13457.4791634
670,14.234541281153906,0.04169339320076972,12.15,1772726538.1805718,243,669,13471.8687621
671,14.231004396437319,0.04169339320076972,12.15,1772726552.5800357,243,670,13486.2670535
672,14.233120799874607,0.04169339320076972,12.15,1772726566.9820735,243,671,13500.6689187
673,12.192060911730385,0.041510125538348756,12.15,1772726581.3675735,243,672,13515.0537515
674,14.192060911730385,0.041510125538348756,12.15,1772726595.7663505,243,673,13529.4518551
675,14.197039242224811,0.041510125538348756,12.15,1772726610.154089,243,674,13543.8394237
676,14.225587573960496,0.04169339320076972,12.15,1772726624.5418856,243,675,13558.2260503
677,14.192085855996103,0.041510125538348756,12.15,1772726638.9493508,243,676,13572.632843
678,14.192935354852143,0.041510125538348756,12.15,1772726653.3340135,243,677,13587.0168364
679,12.224943335375505,0.04169339320076972,12.15,1772726667.722112,243,678,13601.404264
680,14.22603536565455,0.04169339320076972,12.15,1772726682.1229515,243,679,13615.8049378
681,14.189009188736922,0.041510125538348756,12.15,1772726696.5151868,243,680,13630.1960032
682,14.196977880309378,0.041510125538348756,12.15,1772726710.927412,243,681,13644.6070508
683,12.180940690545654,0.041510125538348756,12.15,1772726725.3464692,243,682,13659.025436
684,12.23331628455325,0.04169339320076972,12.15,1772726739.774711,243,683,13673.4535056
685,14.190849941614747,0.041510125538348756,12.15,1772726754.1617792,243,684,13687.8399037
686,14.235257956435543,0.04169339320076972,12.15,1772726768.5505142,243,685,13702.2279718
687,12.190002629579373,0.041510125538348756,12.15,1772726782.9537525,243,686,13716.6306778
688,14.18640010349881,0.041510125538348756,12.15,1772726797.3596818,243,687,13731.0357929
689,14.192901180852683,0.041510125538348756,12.15,1772726811.763095,243,688,13745.4385347
690,12.19123671206413,0.041510125538348756,12.15,1772726826.1485732,243,689,13759.823342
691,14.232577318352439,0.04169339320076972,12.15,1772726840.5368392,243,690,13774.2104382
692,14.18585201055446,0.041510125538348756,12.15,1772726854.9495783,243,691,13788.6235051
693,12.233773758223355,0.04169339320076972,12.15,1772726869.3406003,243,692,13803.0133571
694,14.226363695947558,0.04169339320076972,12.15,1772726883.7292178,243,693,13817.401307
695,14.189643691860308,0.041510125538348756,12.15,1772726898.1276417,243,694,13831.7995569
696,12.175884622697712,0.041510125538348756,12.15,1772726912.515056,243,695,13846.1853008
697,12.189428509444937,0.041510125538348756,12.15,1772726926.904096,243,696,13860.5741701
698,14.233277845636616,0.04169339320076972,12.15,1772726941.304451,243,697,13874.9738523
699,12.230581997406501,0.04169339320076972,12.15,1772726955.699726,243,698,13889.3684586
700,12.195050043628733,0.041510125538348756,12.15,1772726970.0899234,243,699,13903.7579862
701,14.225210062092545,0.04169339320076972,12.15,1772726984.493571,243,700,13918.1609617
702,14.194788525283474,0.041510125538348756,12.15,1772726998.891047,243,701,13932.5572667
703,14.195239634363903,0.041510125538348756,12.15,1772727013.278554,243,702,13946.9446907
704,12.23231094828856,0.04169339320076972,12.15,1772727027.6649172,243,703,13961.3302948
705,12.185903009754702,0.041510125538348756,12.15,1772727042.0532672,243,704,13975.7179759
706,14.192085873307754,0.041510125538348756,12.15,1772727056.4386873,243,705,13990.1027249
707,14.191561469718083,0.041510125538348756,12.15,1772727070.8244228,243,706,14004.4877902
708,14.187040938664916,0.041510125538348756,12.15,1772727085.227592,243,707,14018.8902876
709,12.210558922030101,0.04169339320076972,12.15,1772727099.6134748,243,708,14033.2754989
710,14.181638319090544,0.041510125538348756,12.15,1772727114.0139573,243,709,14047.6748125
711,12.233277845636614,0.04169339320076972,12.15,1772727128.4123437,243,710,14062.072528
712,14.192071655335443,0.041510125538348756,12.15,1772727142.801224,243,711,14076.4612373
713,14.197075185748526,0.041510125538348756,12.15,1772727157.2009463,243,712,14090.8602898
714,14.191395102817078,0.041510125538348756,12.15,1772727171.605089,243,713,14105.263761
715,14.187764284749745,0.041510125538348756,12.15,1772727185.998331,243,714,14119.6563372
716,14.192539685839975,0.041510125538348756,12.200000000000001,1772727200.4429235,244,715,14134.100251
717,14.182951001306176,0.041510125538348756,12.15,1772727214.8281915,243,716,14148.484849
718,12.230364747778015,0.04169339320076972,12.15,1772727229.2130532,243,717,14162.8685401
719,12.192071655335445,0.041510125538348756,12.15,1772727243.6075196,243,718,14177.2623358
720,12.227899144211131,0.04169339320076972,12.15,1772727258.0088503,243,719,14191.6634953
721,14.194391665832965,0.041510125538348756,12.15,1772727272.3935704,243,720,14206.0475457
722,14.190189741293606,0.041510125538348756,12.15,1772727286.781706,243,721,14220.4350105
723,14.192658256394513,0.041510125538348756,12.15,1772727301.1863608,243,722,14234.8384938
724,12.226102502573408,0.04169339320076972,12.15,1772727315.5720587,243,723,14249.2241457
725,14.190032064175417,0.041510125538348756,12.15,1772727329.9658,243,724,14263.6175946
726,12.235752769309576,0.04169339320076972,12.15,1772727344.354476,243,725,14278.0045973
727,12.19160046051633,0.041510125538348756,12.15,1772727358.7418652,243,726,14292.3918162
728,14.192243657579258,0.041510125538348756,12.15,1772727373.1386752,243,727,14306.7879547
729,12.233746529815292,0.04169339320076972,12.15,1772727387.5260184,243,728,14321.1746291
730,14.191597244036629,0.041510125538348756,12.15,1772727401.9131293,243,729,14335.5605681
731,137.30862161288132,0.4041051956382296,59.1,1772727463.2524564,1182,730,14396.8975377
732,14.230527751432946,0.04169339320076972,12.15,1772727477.7429092,243,731,14411.3868146
733,14.186946964564328,0.041510125538348756,12.15,1772727492.133637,243,732,14425.7772179
734,14.230777777894678,0.04169339320076972,12.15,1772727506.5260441,243,733,14440.1691103
735,12.41218410888968,0.04224319618803262,12.350000000000001,1772727521.1135242,247,734,14454.7559082
736,12.18466064982482,0.041510125538348756,12.15,1772727535.5122118,243,735,14469.1539265
737,12.191589316360188,0.041510125538348756,12.15,1772727549.9111483,243,736,14483.552192
738,12.188280983872977,0.041510125538348756,12.15,1772727564.312444,243,737,14497.9528151
739,14.184621945464633,0.041510125538348756,12.15,1772727578.7374666,243,738,14512.3766656
740,12.233523455012541,0.04169339320076972,12.15,1772727593.1267774,243,739,14526.7658069
741,14.189225846997344,0.041510125538348756,12.15,1772727607.5160103,243,740,14541.1538681
742,133.04232523240972,0.40025657472738935,55.1,1772727664.8531182,1102,741,14598.4888046
743,12.197113849592478,0.041510125538348756,12.15,1772727679.3408492,243,742,14612.97536
744,35.01443243982844,0.11243471089526252,25.75,1772727707.329893,515,743,14640.9636006
745,12.188118238446233,0.041510125538348756,12.15,1772727721.7601094,243,744,14655.3931423
746,14.196768671868636,0.041510125538348756,12.15,1772727736.1474102,243,745,14669.7797733
747,14.18278808919579,0.041510125538348756,12.15,1772727750.5448885,243,746,14684.1760815
748,14.192071655335443,0.041510125538348756,12.15,1772727764.9307177,243,747,14698.5617387
749,14.191296729281317,0.041510125538348756,12.15,1772727779.3158965,243,748,14712.9462478
750,14.188150734271055,0.041510125538348756,12.15,1772727793.7108076,243,749,14727.3404881
751,12.192067490580985,0.041510125538348756,12.15,1772727808.1121695,243,750,14741.7411825
752,129.6666082261035,0.4041051956382296,54.45,1772727864.814536,1089,751,14798.440404
753,14.186179323871452,0.041510125538348756,12.15,1772727879.3151453,243,752,14812.9408371
754,14.188290488670198,0.041510125538348756,12.15,1772727893.710298,243,753,14827.3353193
755,14.192058920672245,0.041510125538348756,12.15,1772727908.0983539,243,754,14841.7227045
756,14.225565255735686,0.04169339320076972,12.15,1772727922.4830406,243,755,14856.1067258
757,12.188452922361492,0.041510125538348756,12.15,1772727936.888324,243,756,14870.511333
758,14.189917102126458,0.041510125538348756,12.15,1772727951.2741096,243,757,14884.8969484
759,14.193061784327316,0.041510125538348756,12.15,1772727965.6633208,243,758,14899.2844891
760,14.185504372307133,0.041510125538348756,12.15,1772727980.0563774,243,759,14913.6773745
761,14.179076203411132,0.041510125538348756,12.200000000000001,1772727994.518435,244,760,14928.1387568
762,14.226574956680537,0.04169339320076972,12.15,1772728008.9458852,243,761,14942.5655374
763,12.231481861767188,0.04169339320076972,12.15,1772728023.3503668,243,762,14956.9693469
764,14.227249043277432,0.04169339320076972,12.15,1772728037.7481172,243,763,14971.3659264
765,14.194331509835287,0.041510125538348756,12.15,1772728052.1460583,243,764,14985.7631963
766,14.187956452457962,0.041510125538348756,12.15,1772728066.5335536,243,765,15000.1510207
767,14.187576355584953,0.041510125538348756,12.15,1772728080.9185476,243,766,15014.534846
768,12.19300874695765,0.041510125538348756,12.15,1772728095.30699,243,767,15028.9226166
769,14.231180127155165,0.04169339320076972,12.15,1772728109.6921432,243,768,15043.3070997
770,12.192400452060514,0.041510125538348756,12.15,1772728124.079009,243,769,15057.6927951
771,14.188642276750768,0.041510125538348756,12.15,1772728138.4626312,243,770,15072.0762504
772,12.230343939308298,0.04169339320076972,12.15,1772728152.8522444,243,771,15086.4646897
773,12.19303367485398,0.041510125538348756,12.15,1772728167.2471383,243,772,15100.8594137
774,14.194934236885924,0.041510125538348756,12.15,1772728181.6364126,243,773,15115.2480168
775,14.189724830184698,0.041510125538348756,12.15,1772728196.031171,243,774,15129.6421034
776,14.233258167888312,0.04169339320076972,12.15,1772728210.4221191,243,775,15144.0318817
777,14.190550418352892,0.041510125538348756,12.15,1772728224.8083313,243,776,15158.4174233
778,14.195947794691808,0.041510125538348756,12.15,1772728239.1969833,243,777,15172.8064056
779,14.189214996867232,0.041510125538348756,12.15,1772728253.59093,243,778,15187.1991813
780,14.178561244463621,0.041510125538348756,12.15,1772728267.9797864,243,779,15201.5873655
781,14.190108506359827,0.041510125538348756,12.15,1772728282.3915668,243,780,15215.9979755
782,14.198217162320471,0.041510125538348756,12.15,1772728296.7799442,243,781,15230.3856823
783,14.49371938931945,0.04251809768166407,16.95,1772728316.0309758,339,782,15249.6363212
784,12.190033229771238,0.041510125538348756,12.15,1772728330.4286768,243,783,15264.0333476
785,14.192058920672245,0.041510125538348756,12.15,1772728344.8181403,243,784,15278.4221411
786,14.22781425955186,0.04169339320076972,12.15,1772728359.203236,243,785,15292.8065722
787,12.186197978926876,0.041510125538348756,12.15,1772728373.5964277,243,786,15307.1990888
788,212.76794068598068,0.6508751030880601,62.7,1772728438.5400064,1254,787,15372.1396381
789,56.136266455931846,0.15605241455145238,64.10000000000001,1772728505.0044973,1282,788,15438.6005322
790,136.94065887388425,0.40456336479428207,139.5,1772728646.8590486,2790,789,15580.4491012
791,139.07406983749203,0.40456336479428207,137.75,1772728787.1660974,2755,790,15720.7494833
792,137.04809863025903,0.40456336479428207,138.05,1772728927.8297179,2761,791,15861.406049
793,138.5743901752875,0.40456336479428207,142.05,1772729072.433508,2841,792,16006.0031006
794,138.69796257026934,0.40456336479428207,141.45000000000002,1772729216.560212,2829,793,16150.1235883
795,138.98951743169644,0.40456336479428207,140.05,1772729359.1633573,2801,794,16292.7202011
796,138.9915811921879,0.40456336479428207,139.5,1772729501.231236,2790,795,16434.7822835
797,138.95059775962568,0.40456336479428207,140.05,1772729643.8337874,2801,796,16577.3790179
798,14.913326900582456,0.04425914047466325,25.150000000000002,1772729671.5259955,503,797,16605.0700967
799,15.33369412252754,0.04572528177403097,29.85,1772729703.7279508,597,798,16637.2707364
800,136.8613239690554,0.40456336479428207,140.55,1772729846.5582056,2811,799,16780.095664
801,15.420074726292862,0.04572528177403097,25.400000000000002,1772729874.6889827,508,800,16808.2247925
802,136.9163715060313,0.40456336479428207,140.20000000000002,1772730018.9496727,2804,801,16952.4790977
803,14.855493561585908,0.0439842389810318,25.1,1772730046.5641396,502,802,16980.0934375
804,15.14522558833587,0.04480894346192614,24.900000000000002,1772730073.799605,498,803,17007.3277964
805,14.939691387570189,0.04425914047466325,33.15,1772730109.2375226,663,804,17042.763264
806,15.62797678049653,0.04636671859250435,26.35,1772730137.879349,527,805,17071.4044199
807,12.722696594590882,0.043526069824979384,23.55,1772730163.7069793,471,806,17097.2314982
808,138.86058868773543,0.40456336479428207,140.8,1772730306.770059,2816,807,17240.2889351
809,14.952616307015054,0.04425914047466325,24.5,1772730333.847582,490,808,17267.3641594
810,15.502219280426463,0.046183450930083386,25.200000000000003,1772730361.3290312,504,809,17294.8454869
811,14.691321498302411,0.043526069824979384,23.75,1772730387.3622348,475,810,17320.8771691
812,15.364627869522433,0.04572528177403097,38.1,1772730427.7278256,762,811,17361.2410721
813,138.80587269679606,0.40456336479428207,141.20000000000002,1772730571.238263,2824,812,17504.7451545
814,138.88086049707914,0.40456336479428207,140.8,1772730714.6010957,2816,813,17648.102138
815,15.10806217305977,0.04471730963071566,29.05,1772730746.5698957,581,814,17680.0701356
816,15.465063161673289,0.045816915605241454,24.5,1772730773.858298,490,815,17707.357428
817,12.97469981134461,0.04435077430587373,25.0,1772730801.1875799,500,816,17734.6855895
818,15.161358122444705,0.04490057729313662,25.200000000000003,1772730828.687014,504,817,17762.1839028
819,15.091943597194087,0.04471730963071566,34.25,1772730865.3116755,685,818,17798.8070694
820,130.76443348134484,0.3880692751763951,136.70000000000002,1772731004.3566806,2734,819,17937.8464015
821,15.219201008552611,0.045267112617978555,26.75,1772731033.7225647,535,820,17967.2110871
822,12.534180115578458,0.042884633006506,23.6,1772731059.632061,472,821,17993.1190262
823,135.94084997468306,0.40465499862549253,137.0,1772731198.9332905,2740,822,18132.4150717
824,35.995036219112485,0.11802437459910199,122.60000000000001,1772731324.0621033,2452,823,18257.5387786
825,14.206861245521237,0.04169339320076972,12.700000000000001,1772731339.3793163,254,824,18272.8548676
826,13.18557882139797,0.04490057729313662,16.6,1772731358.423323,332,825,18291.8985957
827,14.257025251520405,0.04187666086319069,12.600000000000001,1772731373.268648,252,826,18306.7433181
828,12.170612826169602,0.041510125538348756,13.100000000000001,1772731388.6102016,262,827,18322.0837443
829,14.604626867903095,0.04306790066892697,15.65,1772731406.5079293,313,828,18339.9812407
830,134.98874279842926,0.40456336479428207,101.4,1772731510.1608982,2028,829,18443.6294819
831,14.59046808594618,0.04306790066892697,16.400000000000002,1772731529.0159087,328,830,18462.4842231
832,104.29653802787696,0.31998533858700634,79.30000000000001,1772731610.5870142,1586,831,18544.0515004
833,14.736916424678347,0.043526069824979384,20.85,1772731633.8706272,417,832,18567.3341633
834,35.40973889337628,0.11243471089526252,22.25,1772731658.4220567,445,833,18591.885591
835,139.31957144563108,0.40245578667644094,50.1,1772731710.8269181,1002,834,18644.2878148
836,14.196120059681032,0.041510125538348756,12.15,1772731725.4458196,243,835,18658.9061197
837,12.188124625041407,0.041510125538348756,12.15,1772731739.8540974,243,836,18673.3138095
838,14.193437716547539,0.041510125538348756,12.15,1772731754.2677782,243,837,18687.7264021
839,12.188452922361492,0.041510125538348756,12.15,1772731768.6564867,243,838,18702.1150242
840,37.3851617881495,0.11243471089526252,23.400000000000002,1772731794.2962456,468,839,18727.7542376
841,130.36178776624584,0.4010812792082837,48.0,1772731844.5585456,960,840,18778.0139875
842,12.188764831280885,0.041510125538348756,12.15,1772731859.0561998,243,841,18792.5110524
843,14.194393838832687,0.041510125538348756,12.15,1772731873.4440322,243,842,18806.8977939
844,12.188431635280596,0.041510125538348756,12.15,1772731887.8289642,243,843,18821.2826387
845,14.22755545781489,0.04169339320076972,12.15,1772731902.212566,243,844,18835.6656545
846,132.60558688013526,0.40199761752038854,50.75,1772731955.1996841,1015,845,18888.6506423
847,14.200889869366108,0.041510125538348756,12.15,1772731969.6561592,243,846,18903.1064965
848,12.18844621081811,0.041510125538348756,12.15,1772731984.0428805,243,847,18917.4926305
849,37.386561275854504,0.11252634472647301,23.8,1772732010.0834124,476,848,18943.5321025
850,132.89611086215666,0.4038302941445982,51.150000000000006,1772732063.4970038,1023,849,18996.9435113
851,14.225581371352009,0.04169339320076972,12.15,1772732077.9970624,243,850,19011.4434791
852,14.188416439916953,0.041510125538348756,12.15,1772732092.3965495,243,851,19025.8413779
853,14.235548634525957,0.04169339320076972,12.15,1772732106.7821646,243,852,19040.2264059
854,128.91151048307864,0.40245578667644094,49.400000000000006,1772732158.4201455,988,853,19091.86278
855,14.183994909787527,0.041510125538348756,12.15,1772732172.9279392,243,854,19106.3694819
856,14.1933453871675,0.041510125538348756,12.15,1772732187.3154395,243,855,19120.7573966
857,14.203848544245114,0.041510125538348756,12.15,1772732201.70972,243,856,19135.1500882
858,14.199459753215711,0.041510125538348756,12.15,1772732216.1085963,243,857,19149.5483771
859,14.233734619077257,0.04169339320076972,12.15,1772732230.492978,243,858,19163.9326733
860,14.194383746410615,0.041510125538348756,12.15,1772732244.8900766,243,859,19178.3291835
861,14.19246825252073,0.041510125538348756,12.15,1772732259.277261,243,860,19192.7157807
862,14.1925590310478,0.041510125538348756,12.15,1772732273.6643624,243,861,19207.1023451
863,12.191418437913702,0.041510125538348756,12.15,1772732288.0533519,243,862,19221.4906974
864,12.192223197214394,0.041510125538348756,12.15,1772732302.443124,243,863,19235.8798828
865,14.194373038546816,0.041510125538348756,12.15,1772732316.8291378,243,864,19250.2653096
866,14.185427027005518,0.041510125538348756,12.15,1772732331.2206585,243,865,19264.6557427
867,14.188208589241212,0.041510125538348756,12.15,1772732345.6051407,243,866,19279.040138
868,14.226313494573198,0.04169339320076972,12.15,1772732359.9888055,243,867,19293.4232208
869,12.18772177966503,0.041510125538348756,12.15,1772732374.3828855,243,868,19307.8167102
870,14.197326656904671,0.041510125538348756,12.15,1772732388.7713158,243,869,19322.204552
871,14.185626892071223,0.041510125538348756,12.15,1772732403.1652558,243,870,19336.597905
872,14.192074409560854,0.041510125538348756,12.15,1772732417.5602143,243,871,19350.9922763
873,12.195424621446705,0.041510125538348756,12.15,1772732431.9647884,243,872,19365.3962622
874,14.193352731440847,0.041510125538348756,12.15,1772732446.3623357,243,873,19379.7932233
875,14.192081047734241,0.041510125538348756,12.15,1772732460.7524583,243,874,19394.1822576
876,12.192081047734241,0.041510125538348756,12.15,1772732475.150637,243,875,19408.5803484
877,137.38296460090433,0.40401356180701914,53.2,1772732530.6170795,1064,876,19464.0445289
878,14.188463633867498,0.041510125538348756,12.15,1772732545.1058977,243,877,19478.5327538
879,14.189099647736846,0.041510125538348756,12.15,1772732559.490402,243,878,19492.9166729
880,12.188452922361492,0.041510125538348756,12.15,1772732573.888654,243,879,19507.3143368
881,14.187948116263545,0.041510125538348756,12.15,1772732588.2947483,243,880,19521.7198442
882,14.19298459040296,0.041510125538348756,12.15,1772732602.7035847,243,881,19536.128094
883,14.23594911307977,0.04169339320076972,12.15,1772732617.110383,243,882,19550.5338032
884,14.191523234296701,0.041510125538348756,12.15,1772732631.4960501,243,883,19564.9193782
885,12.232505308032072,0.04169339320076972,12.15,1772732645.886983,243,884,19579.3097296
886,14.195502587876904,0.041510125538348756,12.15,1772732660.2784545,243,885,19593.7001133
887,12.1874372823511,0.041510125538348756,12.15,1772732674.666295,243,886,19608.0878669
888,12.18259649376832,0.041510125538348756,12.15,1772732689.0528462,243,887,19622.4733309
889,14.195176368061146,0.041510125538348756,12.15,1772732703.441232,243,888,19636.8616296
890,12.176517551335936,0.041510125538348756,12.15,1772732717.8259904,243,889,19651.2458016
891,14.192067490580985,0.041510125538348756,12.15,1772732732.221642,243,890,19665.6403655
892,12.225985148244757,0.04169339320076972,12.15,1772732746.604247,243,891,19680.0228823
893,12.188452922361492,0.041510125538348756,12.15,1772732760.995288,243,892,19694.413338
894,12.186842652238463,0.041510125538348756,12.15,1772732775.3928895,243,893,19708.8103507
895,14.189502840834914,0.041510125538348756,12.15,1772732789.782385,243,894,19723.1987602
896,14.193460642724009,0.041510125538348756,12.15,1772732804.179679,243,895,19737.5959668
897,12.192081047734241,0.041510125538348756,12.15,1772732818.5663865,243,896,19751.9820883
898,12.191596616021512,0.041510125538348756,12.15,1772732832.9477446,243,897,19766.3628639
899,14.224702502769958,0.04169339320076972,12.15,1772732847.3522172,243,898,19780.7682873
900,14.190813390356888,0.041510125538348756,12.15,1772732861.7418435,243,899,19795.1557828
901,12.192067490580985,0.041510125538348756,12.15,1772732876.1274943,243,900,19809.540956
902,14.229319959618735,0.04169339320076972,12.15,1772732890.5153034,243,901,19823.9280682
903,14.191688302178541,0.041510125538348756,12.15,1772732904.907056,243,902,19838.319239
904,14.233300600478563,0.04169339320076972,12.15,1772732919.300704,243,903,19852.7117948
905,12.191010243322555,0.041510125538348756,12.15,1772732933.688866,243,904,19867.0993694
906,14.186190533962225,0.041510125538348756,12.15,1772732948.0868576,243,905,19881.4972995
907,14.183777528796696,0.041510125538348756,12.15,1772732962.4759789,243,906,19895.8853826
908,14.185624257140276,0.041510125538348756,12.15,1772732976.8676887,243,907,19910.2770572
909,130.6216362809112,0.40071474388344175,44.2,1772733023.3233407,884,908,19956.7304626
910,129.28163744596668,0.40199761752038854,38.7,1772733064.34491,774,909,19997.7504936
911,14.055217194401125,0.04123522404471731,12.4,1772733079.03421,248,910,20012.4397429
912,12.027504783909233,0.04123522404471731,12.3,1772733093.580943,246,911,20026.9854305
913,14.169058691194934,0.04160175936955924,15.100000000000001,1772733110.92362,302,912,20044.3279617
914,127.10067710593027,0.39631631998533856,37.050000000000004,1772733150.231254,741,913,20083.6341171
915,131.65922219545826,0.40419682946944013,36.550000000000004,1772733189.0703378,731,914,20122.4717437
916,14.187524691806935,0.041510125538348756,12.15,1772733203.5268347,243,915,20136.9276113
917,132.4478514082356,0.3999816732337579,42.900000000000006,1772733248.6688132,858,916,20182.067485
918,14.227448926272821,0.04169339320076972,12.15,1772733263.186483,243,917,20196.5851094
919,127.92076337524709,0.40190598368917807,42.25,1772733307.6745248,845,918,20241.0714843
920,12.454720763466172,0.04242646385045359,14.950000000000001,1772733324.956448,299,919,20258.3527616
921,131.2660114219618,0.4037386603133877,39.75,1772733366.9498425,795,920,20300.344578
922,14.15632536771651,0.041510125538348756,14.65,1772733383.9166045,293,921,20317.311209
923,14.396383993029938,0.04224319618803262,13.4,1772733399.565606,268,922,20332.9591248
924,14.157773841528138,0.041510125538348756,14.05,1772733415.9313421,281,923,20349.3242898
925,12.20575875619339,0.041510125538348756,12.200000000000001,1772733430.4217396,244,924,20363.8135953
926,12.189615045467683,0.041510125538348756,12.15,1772733444.8248482,243,925,20378.216164
927,14.230551036080874,0.04169339320076972,12.15,1772733459.2215788,243,926,20392.6128542
928,14.194890080409955,0.041510125538348756,12.15,1772733473.6044912,243,927,20406.9952282
929,14.219998935135004,0.04169339320076972,12.200000000000001,1772733488.0600355,244,928,20421.4502299
930,14.187308490937692,0.041510125538348756,12.15,1772733502.462607,243,929,20435.8517613
931,14.185271485716063,0.041510125538348756,12.15,1772733516.8487139,243,930,20450.2378328
932,14.193273927419078,0.041510125538348756,12.15,1772733531.2350714,243,931,20464.623147
933,14.185678185961935,0.041510125538348756,12.15,1772733545.6258206,243,932,20479.0138566
934,14.187105204002727,0.041510125538348756,12.15,1772733560.02907,243,933,20493.4165695
935,14.19303967854864,0.041510125538348756,12.15,1772733574.412291,243,934,20507.7992456
936,14.215209371452868,0.04169339320076972,12.200000000000001,1772733588.8569028,244,935,20522.2433174
937,14.233741877708939,0.04169339320076972,12.15,1772733603.2412543,243,936,20536.6271322
938,14.204054129959154,0.041510125538348756,12.15,1772733617.625979,243,937,20551.0108148
939,12.189162974773133,0.041510125538348756,12.15,1772733632.0191872,243,938,20565.4039844
940,14.20624353785307,0.041510125538348756,12.15,1772733646.4197552,243,939,20579.8040116
941,14.2188870547349,0.04169339320076972,12.200000000000001,1772733660.8572297,244,940,20594.2409445
942,14.18804731855275,0.041510125538348756,12.15,1772733675.252318,243,941,20608.6354922
943,131.5344957720353,0.40557133693759734,50.1,1772733727.5924573,1002,942,20660.9736693
944,14.18543009186612,0.041510125538348756,12.15,1772733742.057496,243,943,20675.4376657
945,14.234335013586826,0.04169339320076972,12.15,1772733756.453144,243,944,20689.8332755
946,14.225392495523556,0.04169339320076972,12.200000000000001,1772733770.8899446,244,945,20704.2695352
947,16.807530232780692,0.05067350865939705,51.6,1772733824.7501273,1032,946,20758.1276941
948,136.932586534298,0.40456336479428207,139.9,1772733966.9711092,2798,947,20900.3428443
949,14.650346320600946,0.043251168331347935,24.400000000000002,1772733993.8469756,488,948,20927.2182029
950,14.868037052120469,0.0439842389810318,25.0,1772734021.113739,500,949,20954.4839442
951,14.865601079193675,0.0439842389810318,26.05,1772734049.4283147,521,950,20982.7974582
952,14.978126808047199,0.04425914047466325,24.700000000000003,1772734076.435304,494,951,21009.8029344
953,14.886092479613854,0.0439842389810318,25.6,1772734104.3041425,512,952,21037.6712274
954,138.9570723763251,0.40456336479428207,140.05,1772734246.6314607,2801,953,21179.9932079
955,15.310792396334724,0.04572528177403097,36.9,1772734286.099012,738,954,21219.4587798
956,16.19725759813034,0.04884083203518739,44.6,1772734332.9915135,892,955,21266.3500235
957,13.115805503599493,0.04480894346192614,30.650000000000002,1772734365.9423454,613,956,21299.2996235
958,16.19901438822362,0.04884083203518739,47.2,1772734415.4120526,944,957,21348.7674703
959,16.5268806501684,0.04975717034729222,41.95,1772734459.669461,839,958,21393.0227201
960,14.983180635480421,0.044442408137084215,23.85,1772734485.8604128,477,959,21419.2131894
961,15.204760470598229,0.04535874644918904,24.900000000000002,1772734513.0171082,498,960,21446.3688943
962,16.19500498223254,0.04884083203518739,47.5,1772734562.78079,950,961,21496.1301824
963,15.060978764322071,0.04480894346192614,25.8,1772734590.8811438,516,962,21524.2294824
964,16.56329236909365,0.04975717034729222,33.9,1772734627.0712156,678,963,21560.4196977
965,15.0749620651583,0.04490057729313662,24.650000000000002,1772734653.9958892,493,964,21587.3423609
966,16.27918333659343,0.049024099697608355,42.150000000000006,1772734698.4056602,843,965,21631.750467
967,138.68651845852975,0.40456336479428207,141.70000000000002,1772734842.463873,2834,966,21775.8031734
968,15.1298277199249,0.044992211124347106,26.55,1772734871.5585542,531,967,21804.8968678
969,16.195720095582157,0.04884083203518739,44.550000000000004,1772734918.4355268,891,968,21851.7715822
970,13.002508195245934,0.044442408137084215,24.25,1772734945.0138931,485,969,21878.3494558
971,4.378703335268452,0.003207184092366902,28.1,1772734975.3844824,562,970,21908.7184021
972,11.377732396598624,0.008613580133785393,66.35000000000001,1772735044.0107799,1327,971,21977.3426265
973,3.8731336588310126,0.005498029872628975,35.9,1772735082.2862926,718,972,22015.6167035
974,5.87865744663223,0.004764959222945111,36.25,1772735120.822266,725,973,22054.1517319
975,6.472730841471534,0.00439842389810318,39.7,1772735162.8125775,794,974,22096.1404694
976,9.866132910042012,0.007147438834417667,59.25,1772735224.4291372,1185,975,22157.7537179
977,6.175994523339564,0.005589663703839457,36.2,1772735262.988202,724,976,22196.3113366
978,7.962602029571154,0.006780903509575735,48.1,1772735313.3789766,962,977,22246.7007209
979,9.773267804540843,0.006689269678365252,58.45,1772735374.1306572,1169,978,22307.4496242
980,15.571525751077736,0.04636671859250435,28.75,1772735405.26791,575,979,22338.5862094
981,14.951164120400328,0.04425914047466325,25.950000000000003,1772735433.507949,519,980,22366.8251893
982,14.903446526208347,0.04407587281224228,24.400000000000002,1772735460.1777153,488,981,22393.4934554
983,14.965844087012592,0.044442408137084215,23.85,1772735486.2949893,477,982,22419.6102498
984,138.7704561565519,0.40456336479428207,141.20000000000002,1772735629.7624447,2824,983,22563.0723251
985,15.563940188499418,0.0466416200861358,27.35,1772735659.6593285,547,984,22592.9680881
986,15.083553394816995,0.04490057729313662,25.5,1772735687.484519,510,985,22620.7922367
987,15.259240544885529,0.045542014111610005,29.6,1772735719.3545372,592,986,22652.6610579
988,138.89177581906586,0.40456336479428207,140.5,1772735862.1300337,2810,987,22795.4307006
989,12.006164117998182,0.04123522404471731,12.55,1772735877.2223394,251,988,22810.5229397
990,14.437088134993477,0.042976266837716486,12.850000000000001,1772735896.18047,257,989,22829.4803605
991,11.931244664101516,0.04105195638229634,12.350000000000001,1772735910.7798836,247,990,22844.0792258
992,10.015761782048592,0.04160175936955924,12.8,1772735925.8640864,256,991,22859.1628631
993,14.197268539315568,0.04224319618803262,12.600000000000001,1772735940.7003186,252,992,22873.998039
994,14.105136823838105,0.04187666086319069,12.600000000000001,1772735955.5365422,252,993,22888.8342052
995,9.981840296409711,0.04141849170713827,12.65,1772735970.4246447,253,994,22903.7217494
996,10.257968239129067,0.04215156235682214,12.55,1772735985.2076557,251,995,22918.5042071
997,12.46618367799581,0.04260973151287455,12.65,1772736000.0929677,253,996,22933.3889613
998,13.735888006386896,0.04050215339503345,12.3,1772736014.6314542,246,997,22947.9264024
999,12.122134455981115,0.04196829469440117,12.8,1772736029.6732755,256,998,22962.9681632
1000,19.373088458554935,0.0611197654173921,17.3,1772736049.2076871,346,999,22982.5013387
1001,12.132352869380965,0.04169339320076972,12.65,1772736064.1143076,253,1000,22997.4074002
1002,13.933726087832934,0.04132685787592779,12.55,1772736078.9012187,251,1001,23012.1942567
1003,10.072968401120677,0.04160175936955924,12.55,1772736093.6888394,251,1002,23026.9808228
1004,10.099167457494294,0.041510125538348756,12.4,1772736108.3246152,248,1003,23041.6165517
1005,12.30948725505766,0.04251809768166407,12.75,1772736123.307305,255,1004,23056.5981779
1006,11.63035806129346,0.040410519563822966,12.4,1772736137.9432855,248,1005,23071.2336093
1007,14.233695785468901,0.04169339320076972,12.15,1772736152.3428392,243,1006,23085.6326233
1008,14.189966292949265,0.041510125538348756,12.15,1772736166.7298074,243,1007,23100.0190517
1009,14.220022790463688,0.04169339320076972,12.15,1772736181.1145916,243,1008,23114.4032966
1010,14.192052666308504,0.041510125538348756,12.15,1772736195.4982674,243,1009,23128.7864331
1011,14.224811810691252,0.04169339320076972,12.15,1772736209.8806987,243,1010,23143.1683248
1012,14.229011950701487,0.04169339320076972,12.15,1772736224.2791526,243,1011,23157.5667398
1013,14.192427132186088,0.041510125538348756,12.15,1772736238.665201,243,1012,23171.9522476
1014,14.190636166965925,0.041510125538348756,12.15,1772736253.0542667,243,1013,23186.3402738
1015,14.184890828847141,0.041510125538348756,12.15,1772736267.452258,243,1014,23200.7382256
1016,14.229520223850619,0.04169339320076972,12.15,1772736281.8380852,243,1015,23215.1235126
1017,14.225931116568358,0.04169339320076972,12.15,1772736296.2217731,243,1016,23229.5061615
1018,14.185070860709557,0.041510125538348756,12.15,1772736310.6191971,243,1017,23243.9035458
1019,14.192212255961158,0.041510125538348756,12.15,1772736325.0133436,243,1018,23258.2971524
1020,12.189688732689815,0.041510125538348756,12.15,1772736339.4065998,243,1019,23272.6898746
1021,12.18148784676212,0.041510125538348756,12.15,1772736353.8009593,243,1020,23287.0836861
1022,14.197152102893714,0.041510125538348756,12.15,1772736368.2029054,243,1021,23301.4850946
1023,14.189603132098343,0.041510125538348756,12.15,1772736382.589874,243,1022,23315.8710236
1024,14.205376690719218,0.041510125538348756,12.15,1772736396.9729838,243,1023,23330.2540937
1025,12.18836738246752,0.041510125538348756,12.15,1772736411.3613467,243,1024,23344.6419208
1026,14.231468593472846,0.04169339320076972,12.15,1772736425.7493048,243,1025,23359.0293364
1027,12.176821767303387,0.041510125538348756,12.15,1772736440.130481,243,1026,23373.4094728
1028,14.188309562840487,0.041510125538348756,12.15,1772736454.5179157,243,1027,23387.7973678
1029,12.173354008652053,0.041510125538348756,12.15,1772736468.90328,243,1028,23402.1816986
1030,14.24029119233272,0.04169339320076972,12.15,1772736483.2931445,243,1029,23416.570518
1031,14.194559197727148,0.041510125538348756,12.15,1772736497.6767633,243,1030,23430.954097
1032,12.179914990687378,0.041510125538348756,12.15,1772736512.0788016,243,1031,23445.3550954
1033,14.00599502167765,0.041510125538348756,12.05,1772736526.4760156,241,1032,23459.7522686
1034,130.77614056219184,0.40245578667644094,52.5,1772736581.309383,1050,1033,23514.5836583
1035,12.177636046162226,0.041510125538348756,12.200000000000001,1772736595.9342139,244,1034,23529.2079693
1036,14.186099804187123,0.041510125538348756,12.15,1772736610.3234572,243,1035,23543.5967006
1037,12.18588484609662,0.041510125538348756,12.15,1772736624.7124941,243,1036,23557.9852263
1038,14.191336188900337,0.041510125538348756,12.15,1772736639.1058295,243,1037,23572.3775482
